State,Commodity,Unit,Year,Units_Within,Units_In,Units_Out
Alabama,Coal,million ton-miles,2012,4363.8495,24785.08173,21117.67235
Alabama,Coal-n.e.c.,million ton-miles,2012,1366.432291,17578.3462,8382.031575
Alabama,Gravel,million ton-miles,2012,1005.266452,3865.068236,6524.54871
Alabama,Animal feed,million ton-miles,2012,985.269914,3475.242468,3104.579657
Alabama,Nonmetal min. prods.,million ton-miles,2012,984.693223,3264.792736,2799.472547
Alabama,Wood prods.,million ton-miles,2012,762.949576,2757.4724,2263.380577
Alabama,Logs,million ton-miles,2012,626.312531,2668.062541,2224.3019
Alabama,Other ag prods.,million ton-miles,2012,609.138149,2382.559872,2126.9491
Alabama,Base metals,million ton-miles,2012,569.913375,2153.7064,2027.020441
Alabama,Fuel oils,million ton-miles,2012,385.013534,2125.645267,2019.754417
Alaska,Crude petroleum,million ton-miles,2012,9780.459,1466.120559,100291.3926
Alaska,Fuel oils,million ton-miles,2012,988.4518,443.5748,469.5339
Alaska,Live animals/fish,million ton-miles,2012,530.2524,359.811397,426.044102
Alaska,Gasoline,million ton-miles,2012,440.5856,349.2036,223.945292
Alaska,Meat/seafood,million ton-miles,2012,331.586216,300.349008,180.4315
Alaska,Coal-n.e.c.,million ton-miles,2012,223.743126,225.4469,135.2972
Alaska,Nonmetal min. prods.,million ton-miles,2012,191.704432,186.250604,120.191401
Alaska,Logs,million ton-miles,2012,140.93245,176.6897,119.4764
Alaska,Gravel,million ton-miles,2012,117.9113,160.7794,88.7915
Alaska,Metallic ores,million ton-miles,2012,95.3959,160.4452,77.0419
Arizona,Gravel,million ton-miles,2012,2573.1894,10901.31681,13049.33749
Arizona,Metallic ores,million ton-miles,2012,1443.070026,7280.2957,2343.897206
Arizona,Nonmetal min. prods.,million ton-miles,2012,867.842783,4146.318698,2158.840666
Arizona,Other ag prods.,million ton-miles,2012,800.459804,3128.04761,1041.681874
Arizona,Other foodstuffs,million ton-miles,2012,764.608527,2231.637867,984.795707
Arizona,Mixed freight,million ton-miles,2012,517.209971,1797.000103,953.237932
Arizona,Coal,million ton-miles,2012,468.0486,1782.287783,872.64511
Arizona,Natural sands,million ton-miles,2012,441.5206,1631.9987,803.060837
Arizona,Waste/scrap,million ton-miles,2012,418.155916,1609.362338,771.472161
Arizona,Coal-n.e.c.,million ton-miles,2012,329.575869,1545.856536,700.502601
Arkansas,Coal-n.e.c.,million ton-miles,2012,5453.8495,13482.82626,19244.7608
Arkansas,Other ag prods.,million ton-miles,2012,984.59836,9506.0577,3418.605001
Arkansas,Gravel,million ton-miles,2012,701.1983,5487.5253,3063.0237
Arkansas,Waste/scrap,million ton-miles,2012,417.8319,2615.22703,2940.971348
Arkansas,Cereal grains,million ton-miles,2012,348.3654,2463.908493,2603.3903
Arkansas,Machinery,million ton-miles,2012,339.15972,2185.99887,1594.2996
Arkansas,Base metals,million ton-miles,2012,307.92264,2143.897424,1428.915656
Arkansas,Logs,million ton-miles,2012,262.092682,1705.900915,1424.640379
Arkansas,Wood prods.,million ton-miles,2012,237.3684,1167.908327,1325.1959
Arkansas,Other foodstuffs,million ton-miles,2012,226.7101,1069.914195,1213.1238
California,Other foodstuffs,million ton-miles,2012,10852.04671,74657.32786,37308.99685
California,Nonmetal min. prods.,million ton-miles,2012,10530.66766,31946.31151,13865.43486
California,Other ag prods.,million ton-miles,2012,10380.00056,30372.78219,12105.05591
California,Gasoline,million ton-miles,2012,8301.586334,27416.68742,12009.53928
California,Coal-n.e.c.,million ton-miles,2012,6291.218195,14985.80116,10219.54008
California,Gravel,million ton-miles,2012,6100.772532,14868.28033,9478.585048
California,Waste/scrap,million ton-miles,2012,5791.654219,13090.767,8832.041425
California,Mixed freight,million ton-miles,2012,4812.721598,12996.49601,8228.198289
California,Natural sands,million ton-miles,2012,4472.59742,11269.37085,7768.754617
California,Crude petroleum,million ton-miles,2012,4413.1148,10111.80321,7298.442414
Colorado,Coal-n.e.c.,million ton-miles,2012,3107.1661,18679.72142,24045.46083
Colorado,Coal,million ton-miles,2012,2513.632,8998.4602,17144.7914
Colorado,Animal feed,million ton-miles,2012,1171.632967,3027.177334,4070.61063
Colorado,Nonmetal min. prods.,million ton-miles,2012,1156.545856,2815.506145,3147.9607
Colorado,Gravel,million ton-miles,2012,1028.240202,2170.194067,2477.6088
Colorado,Cereal grains,million ton-miles,2012,958.17911,1659.80224,2013.8802
Colorado,Mixed freight,million ton-miles,2012,476.030823,1516.276321,1936.395619
Colorado,Waste/scrap,million ton-miles,2012,405.371229,1510.036941,1390.870443
Colorado,Natural sands,million ton-miles,2012,362.2189,1243.103837,1340.027986
Colorado,Gasoline,million ton-miles,2012,357.708709,1202.58751,1273.088205
Connecticut,Fuel oils,million ton-miles,2012,524.4511,2528.158753,9232.891654
Connecticut,Gravel,million ton-miles,2012,324.3663,2423.28032,1724.243587
Connecticut,Coal-n.e.c.,million ton-miles,2012,269.0484,2254.68172,1521.193123
Connecticut,Nonmetal min. prods.,million ton-miles,2012,181.409924,2107.397609,1303.570056
Connecticut,Waste/scrap,million ton-miles,2012,144.946772,944.591914,1119.842086
Connecticut,Gasoline,million ton-miles,2012,130.9837,807.039619,1047.724572
Connecticut,Natural sands,million ton-miles,2012,88.9729,805.5805,994.642098
Connecticut,Mixed freight,million ton-miles,2012,82.732942,687.428998,855.841427
Connecticut,Base metals,million ton-miles,2012,50.314353,664.255123,820.130807
Connecticut,Misc. mfg. prods.,million ton-miles,2012,39.708051,554.169538,744.637088
Delaware,Fuel oils,million ton-miles,2012,80.2961,2726.141,548.890744
Delaware,Gasoline,million ton-miles,2012,78.9048,889.449788,463.212715
Delaware,Cereal grains,million ton-miles,2012,63.606614,471.5747,359.870344
Delaware,Gravel,million ton-miles,2012,47.9476,468.754474,274.470013
Delaware,Animal feed,million ton-miles,2012,47.920375,436.241991,212.505665
Delaware,Waste/scrap,million ton-miles,2012,41.1337,416.85954,193.519708
Delaware,Nonmetal min. prods.,million ton-miles,2012,36.936838,399.358924,179.783568
Delaware,Natural sands,million ton-miles,2012,33.3169,310.031989,170.695362
Delaware,Fertilizers,million ton-miles,2012,31.875018,276.297674,160.979744
Delaware,Other ag prods.,million ton-miles,2012,30.154068,236.731083,159.393855
Florida,Natural sands,million ton-miles,2012,9573.641135,13350.0851,13407.48631
Florida,Nonmetal min. prods.,million ton-miles,2012,4650.69197,13312.4125,7272.295869
Florida,Gravel,million ton-miles,2012,3878.418208,10905.3877,7268.910262
Florida,Gasoline,million ton-miles,2012,3774.253321,8375.353102,3355.761146
Florida,Other ag prods.,million ton-miles,2012,3063.402336,7228.0048,2368.326832
Florida,Mixed freight,million ton-miles,2012,2166.151466,4300.674292,2338.959869
Florida,Other foodstuffs,million ton-miles,2012,1992.63642,4277.018209,1527.139631
Florida,Nonmetallic minerals,million ton-miles,2012,1695.340208,4106.504434,1494.536794
Florida,Wood prods.,million ton-miles,2012,1367.415452,3518.011854,1389.494068
Florida,Fuel oils,million ton-miles,2012,1226.437026,3247.891058,1373.538056
Georgia,Logs,million ton-miles,2012,2239.237951,24184.79437,5156.866612
Georgia,Gravel,million ton-miles,2012,1484.865936,10670.06714,4847.811697
Georgia,Other ag prods.,million ton-miles,2012,1087.092249,8627.79985,4754.038005
Georgia,Gasoline,million ton-miles,2012,1013.540636,5800.3374,4418.452556
Georgia,Textiles/leather,million ton-miles,2012,620.534876,5643.513017,4119.743612
Georgia,Wood prods.,million ton-miles,2012,582.300543,5215.307777,3433.427942
Georgia,Waste/scrap,million ton-miles,2012,580.311146,3637.090755,2939.287861
Georgia,Nonmetallic minerals,million ton-miles,2012,564.095415,3579.531297,2913.571102
Georgia,Nonmetal min. prods.,million ton-miles,2012,501.370355,3214.849305,2807.499189
Georgia,Mixed freight,million ton-miles,2012,481.726052,2945.381078,2781.910401
Hawaii,Gravel,million ton-miles,2012,271.914822,4792.0911,1954.8885
Hawaii,Gasoline,million ton-miles,2012,187.132406,821.7213,116.802895
Hawaii,Fuel oils,million ton-miles,2012,158.6363,687.816871,115.893561
Hawaii,Waste/scrap,million ton-miles,2012,132.1559,608.370124,89.632493
Hawaii,Nonmetal min. prods.,million ton-miles,2012,98.538237,568.8215,84.994903
Hawaii,Coal,million ton-miles,2012,84.4174,530.5959,51.94507
Hawaii,Other foodstuffs,million ton-miles,2012,53.553281,395.9503,48.920401
Hawaii,Fertilizers,million ton-miles,2012,31.8026,385.8697,46.503338
Hawaii,Natural sands,million ton-miles,2012,26.0664,349.5509,37.385803
Hawaii,Coal-n.e.c.,million ton-miles,2012,25.987372,332.4857,35.393691
Idaho,Coal-n.e.c.,million ton-miles,2012,2672.01698,2058.151529,6597.387051
Idaho,Logs,million ton-miles,2012,1678.253806,1973.8396,5029.322668
Idaho,Other foodstuffs,million ton-miles,2012,650.259824,1838.109503,4888.593296
Idaho,Animal feed,million ton-miles,2012,506.3478,1417.762939,3616.3765
Idaho,Other ag prods.,million ton-miles,2012,465.300673,1262.196374,2818.478175
Idaho,Wood prods.,million ton-miles,2012,439.9428,977.091829,2764.76184
Idaho,Gasoline,million ton-miles,2012,405.89,945.968245,2699.974953
Idaho,Cereal grains,million ton-miles,2012,231.3042,929.328472,2519.0186
Idaho,Fertilizers,million ton-miles,2012,200.6525,794.771819,1142.40001
Idaho,Natural sands,million ton-miles,2012,154.088,785.3445,1041.029751
Illinois,Cereal grains,million ton-miles,2012,3562.744964,64595.61335,18173.55822
Illinois,Gasoline,million ton-miles,2012,3561.367325,36402.7024,15520.25479
Illinois,Gravel,million ton-miles,2012,2751.442638,27587.41642,14716.24019
Illinois,Other ag prods.,million ton-miles,2012,2565.837246,10613.19324,12923.07945
Illinois,Fuel oils,million ton-miles,2012,1511.695193,9477.605548,11503.5791
Illinois,Other foodstuffs,million ton-miles,2012,1453.121723,8317.522467,10744.65039
Illinois,Natural sands,million ton-miles,2012,934.981712,7207.0947,9916.839435
Illinois,Nonmetal min. prods.,million ton-miles,2012,730.415465,6259.276344,9575.339995
Illinois,Mixed freight,million ton-miles,2012,559.500551,5213.326931,9092.448662
Illinois,Coal-n.e.c.,million ton-miles,2012,548.839955,5201.640996,8938.925944
Indiana,Cereal grains,million ton-miles,2012,2015.8992,25262.6518,11775.69342
Indiana,Coal,million ton-miles,2012,1967.0406,20197.3308,10022.56752
Indiana,Base metals,million ton-miles,2012,879.976768,12880.41123,6659.526571
Indiana,Gasoline,million ton-miles,2012,821.5819,7182.834021,6403.045648
Indiana,Nonmetal min. prods.,million ton-miles,2012,819.322426,6083.400542,5261.646165
Indiana,Fuel oils,million ton-miles,2012,799.5421,3952.280323,4557.451947
Indiana,Gravel,million ton-miles,2012,751.0068,3284.779442,3226.659226
Indiana,Other foodstuffs,million ton-miles,2012,716.289188,3104.477615,2508.179774
Indiana,Other ag prods.,million ton-miles,2012,705.147827,2676.922593,2480.5236
Indiana,Mixed freight,million ton-miles,2012,399.038781,2674.970295,2375.208844
Iowa,Animal feed,million ton-miles,2012,4581.555522,23361.7656,15837.39905
Iowa,Cereal grains,million ton-miles,2012,1014.977738,18949.1189,13086.5146
Iowa,Other foodstuffs,million ton-miles,2012,700.892753,9041.835132,11891.83439
Iowa,Gravel,million ton-miles,2012,596.860642,3169.431819,11199.53529
Iowa,Natural sands,million ton-miles,2012,399.546189,2868.432,9320.3348
Iowa,Coal-n.e.c.,million ton-miles,2012,361.127597,2737.395806,7013.7198
Iowa,Other ag prods.,million ton-miles,2012,277.171496,1975.67886,6776.3631
Iowa,Fertilizers,million ton-miles,2012,170.729977,1972.240824,3433.573403
Iowa,Nonmetal min. prods.,million ton-miles,2012,157.4675,1967.287367,2852.318632
Iowa,Milled grain prods.,million ton-miles,2012,130.710751,1625.742632,2141.293465
Kansas,Cereal grains,million ton-miles,2012,3091.7546,17770.71139,34152.5269
Kansas,Coal-n.e.c.,million ton-miles,2012,1547.7024,15329.5607,11995.91495
Kansas,Fuel oils,million ton-miles,2012,1296.0313,6914.5007,3907.088137
Kansas,Gravel,million ton-miles,2012,1290.5364,4146.9867,3092.713988
Kansas,Mixed freight,million ton-miles,2012,853.887781,2547.5912,2249.375505
Kansas,Other ag prods.,million ton-miles,2012,709.537322,2251.8205,2217.855146
Kansas,Nonmetal min. prods.,million ton-miles,2012,518.242324,2247.979052,1841.252255
Kansas,Animal feed,million ton-miles,2012,379.6958,1585.105638,1688.5651
Kansas,Natural sands,million ton-miles,2012,324.4109,1486.512373,1473.553479
Kansas,Other foodstuffs,million ton-miles,2012,301.15462,1319.7977,1393.704856
Kentucky,Coal,million ton-miles,2012,6545.1462,23367.6607,44852.3843
Kentucky,Coal-n.e.c.,million ton-miles,2012,1277.011432,10620.09783,13054.87518
Kentucky,Gravel,million ton-miles,2012,1218.0342,8648.4181,5074.636314
Kentucky,Base metals,million ton-miles,2012,574.373026,5845.806762,4522.92714
Kentucky,Animal feed,million ton-miles,2012,421.463542,3576.37847,4186.203991
Kentucky,Other foodstuffs,million ton-miles,2012,384.653659,3377.515704,3892.567253
Kentucky,Basic chemicals,million ton-miles,2012,327.055934,2610.524,2244.200922
Kentucky,Waste/scrap,million ton-miles,2012,239.32895,2195.128154,2054.231182
Kentucky,Fuel oils,million ton-miles,2012,204.0344,2179.564318,1633.366956
Kentucky,Natural sands,million ton-miles,2012,203.147,1839.062405,1621.674285
Louisiana,Coal-n.e.c.,million ton-miles,2012,9369.876261,42780.45051,50071.15857
Louisiana,Coal,million ton-miles,2012,3963.668898,39466.5925,28264.96876
Louisiana,Fuel oils,million ton-miles,2012,2719.163778,35187.59608,16611.6892
Louisiana,Gasoline,million ton-miles,2012,2489.6445,20836.2369,15188.85377
Louisiana,Crude petroleum,million ton-miles,2012,2176.6652,20358.70048,7737.946725
Louisiana,Basic chemicals,million ton-miles,2012,1895.988836,8529.328,7711.383587
Louisiana,Other ag prods.,million ton-miles,2012,1536.134758,5315.617404,7681.687544
Louisiana,Cereal grains,million ton-miles,2012,1022.658102,2638.304303,5841.751668
Louisiana,Animal feed,million ton-miles,2012,706.809778,2447.511373,4531.275512
Louisiana,Gravel,million ton-miles,2012,650.0467,2024.247448,4132.733583
Maine,Coal-n.e.c.,million ton-miles,2012,481.02043,965.028104,3623.347901
Maine,Misc. mfg. prods.,million ton-miles,2012,276.754071,680.626228,3349.676327
Maine,Logs,million ton-miles,2012,192.603101,525.396312,964.6268
Maine,Nonmetal min. prods.,million ton-miles,2012,110.071318,419.385702,706.8745
Maine,Wood prods.,million ton-miles,2012,107.1434,401.781676,590.1332
Maine,Newsprint/paper,million ton-miles,2012,94.3214,379.121272,397.094956
Maine,Basic chemicals,million ton-miles,2012,93.4621,325.8727,389.705979
Maine,Fuel oils,million ton-miles,2012,92.8024,323.1261,317.006463
Maine,Gravel,million ton-miles,2012,68.3837,295.379874,251.0265
Maine,Gasoline,million ton-miles,2012,57.4795,286.370909,248.0649
Maryland,Gravel,million ton-miles,2012,724.3853,13694.5922,2152.862001
Maryland,Gasoline,million ton-miles,2012,377.2458,3110.857112,1970.993032
Maryland,Natural sands,million ton-miles,2012,333.806538,2328.95795,1620.369319
Maryland,Nonmetal min. prods.,million ton-miles,2012,295.671595,2118.721779,1569.374417
Maryland,Coal,million ton-miles,2012,243.8469,1548.74477,1189.196396
Maryland,Coal-n.e.c.,million ton-miles,2012,204.720057,1328.283189,839.9884
Maryland,Other foodstuffs,million ton-miles,2012,171.574924,1296.644246,829.8414
Maryland,Waste/scrap,million ton-miles,2012,147.765046,1233.989182,752.237041
Maryland,Other ag prods.,million ton-miles,2012,127.683595,1106.502626,749.765783
Maryland,Mixed freight,million ton-miles,2012,112.506835,1091.794377,735.403287
Massachusetts,Nonmetal min. prods.,million ton-miles,2012,506.712638,3482.510603,2002.1113
Massachusetts,Gasoline,million ton-miles,2012,441.8217,2782.350087,1639.131437
Massachusetts,Gravel,million ton-miles,2012,406.321712,1605.455933,1526.265016
Massachusetts,Fuel oils,million ton-miles,2012,265.064859,1502.002062,1265.65644
Massachusetts,Mixed freight,million ton-miles,2012,191.426602,1309.246393,1201.1537
Massachusetts,Waste/scrap,million ton-miles,2012,191.116418,1280.862903,1182.197695
Massachusetts,Coal-n.e.c.,million ton-miles,2012,134.704496,1174.428155,628.983024
Massachusetts,Wood prods.,million ton-miles,2012,89.137694,1166.666101,563.0585
Massachusetts,Natural sands,million ton-miles,2012,82.3722,1065.085827,541.726163
Massachusetts,Other foodstuffs,million ton-miles,2012,77.020769,1060.103796,486.474461
Michigan,Coal-n.e.c.,million ton-miles,2012,1905.7173,36486.6739,11403.71519
Michigan,Cereal grains,million ton-miles,2012,1755.113333,16462.49649,7394.764735
Michigan,Gravel,million ton-miles,2012,1591.752044,10345.64074,6268.5264
Michigan,Gasoline,million ton-miles,2012,1476.531857,9606.17198,5393.375443
Michigan,Other foodstuffs,million ton-miles,2012,1410.228396,5502.82678,5373.187667
Michigan,Metallic ores,million ton-miles,2012,1248.817823,5344.032947,5132.865177
Michigan,Motorized vehicles,million ton-miles,2012,976.127157,5298.671724,4461.948683
Michigan,Other ag prods.,million ton-miles,2012,817.381305,5132.500554,3837.615637
Michigan,Nonmetal min. prods.,million ton-miles,2012,752.086249,4852.6807,3447.889284
Michigan,Natural sands,million ton-miles,2012,709.135026,4596.379675,3406.550953
Minnesota,Cereal grains,million ton-miles,2012,4031.0002,26918.67464,42695.2678
Minnesota,Other ag prods.,million ton-miles,2012,3440.87474,13737.91519,25821.77768
Minnesota,Animal feed,million ton-miles,2012,2108.591237,11822.08241,9861.762052
Minnesota,Other foodstuffs,million ton-miles,2012,1984.989807,7197.451722,9246.004534
Minnesota,Gravel,million ton-miles,2012,1062.0571,6918.121579,8496.915319
Minnesota,Nonmetal min. prods.,million ton-miles,2012,843.782472,5479.908652,4458.033622
Minnesota,Fertilizers,million ton-miles,2012,733.6136,5215.167175,4145.3459
Minnesota,Gasoline,million ton-miles,2012,403.6109,4419.09357,3069.92745
Minnesota,Coal-n.e.c.,million ton-miles,2012,399.536129,4138.911225,2377.5799
Minnesota,Fuel oils,million ton-miles,2012,353.384234,3566.997002,2181.19945
Mississippi,Coal-n.e.c.,million ton-miles,2012,7434.556187,41293.99502,35391.81033
Mississippi,Logs,million ton-miles,2012,2685.273803,5054.592194,3376.22434
Mississippi,Cereal grains,million ton-miles,2012,122.2098,3229.508394,2191.875509
Mississippi,Natural sands,million ton-miles,2012,122.0828,3070.410303,1865.410406
Mississippi,Animal feed,million ton-miles,2012,113.5826,2627.4323,1656.342343
Mississippi,Gravel,million ton-miles,2012,107.9408,2273.2416,1618.62384
Mississippi,Wood prods.,million ton-miles,2012,105.4656,2049.209935,1443.079166
Mississippi,Basic chemicals,million ton-miles,2012,104.4021,1787.285921,1288.248194
Mississippi,Gasoline,million ton-miles,2012,103.9685,1388.8177,1188.4314
Mississippi,Live animals/fish,million ton-miles,2012,87.3578,1242.387,1181.997064
Missouri,Gravel,million ton-miles,2012,1219.081005,52936.0046,11184.87611
Missouri,Animal feed,million ton-miles,2012,1133.808287,13661.7875,7456.6684
Missouri,Coal-n.e.c.,million ton-miles,2012,1060.253722,7673.925389,5746.9975
Missouri,Nonmetal min. prods.,million ton-miles,2012,585.806631,4411.594095,4676.1229
Missouri,Cereal grains,million ton-miles,2012,575.161506,4179.202754,3543.450095
Missouri,Mixed freight,million ton-miles,2012,479.176771,2967.878093,3086.768853
Missouri,Natural sands,million ton-miles,2012,405.640121,2680.912332,2592.572123
Missouri,Other foodstuffs,million ton-miles,2012,283.573403,2540.860892,2526.093641
Missouri,Other ag prods.,million ton-miles,2012,278.871088,2403.857205,2509.223322
Missouri,Gasoline,million ton-miles,2012,164.607753,2153.418492,2153.775891
Montana,Coal-n.e.c.,million ton-miles,2012,4921.250536,5663.822702,47125.2735
Montana,Crude petroleum,million ton-miles,2012,2339.3488,2117.7841,13379.8777
Montana,Gasoline,million ton-miles,2012,1164.8713,1721.540017,11812.93796
Montana,Fuel oils,million ton-miles,2012,656.9741,1395.5758,4768.287
Montana,Nonmetal min. prods.,million ton-miles,2012,548.5556,1310.5581,3875.3759
Montana,Gravel,million ton-miles,2012,499.4259,1219.535834,1679.1233
Montana,Logs,million ton-miles,2012,474.20685,1067.153803,1636.643464
Montana,Cereal grains,million ton-miles,2012,226.6956,940.4452,1258.8061
Montana,Fertilizers,million ton-miles,2012,188.1833,921.440714,1163.286326
Montana,Wood prods.,million ton-miles,2012,120.6183,830.750772,1142.7561
Nebraska,Animal feed,million ton-miles,2012,2090.120521,22648.89906,31942.6303
Nebraska,Cereal grains,million ton-miles,2012,1997.6643,12327.9572,20005.89925
Nebraska,Gravel,million ton-miles,2012,372.6668,6229.9883,11746.92342
Nebraska,Milled grain prods.,million ton-miles,2012,353.252412,2307.1439,5421.599
Nebraska,Live animals/fish,million ton-miles,2012,305.0345,2233.0422,3838.37395
Nebraska,Other ag prods.,million ton-miles,2012,255.388392,2010.9203,3513.4763
Nebraska,Other foodstuffs,million ton-miles,2012,216.604942,1751.053072,3500.516845
Nebraska,Nonmetal min. prods.,million ton-miles,2012,187.263504,1449.121618,2624.9355
Nebraska,Mixed freight,million ton-miles,2012,114.431746,1031.251864,1931.276254
Nebraska,Natural sands,million ton-miles,2012,76.0025,1011.04783,747.246547
Nevada,Gravel,million ton-miles,2012,442.10636,8850.218951,7847.663415
Nevada,Nonmetal min. prods.,million ton-miles,2012,338.925174,1932.789702,7113.177021
Nevada,Waste/scrap,million ton-miles,2012,172.48786,1295.010841,1267.250454
Nevada,Natural sands,million ton-miles,2012,122.3969,1255.543746,1229.076571
Nevada,Mixed freight,million ton-miles,2012,94.842659,1159.120237,1039.692999
Nevada,Other foodstuffs,million ton-miles,2012,91.557191,1045.041965,785.058272
Nevada,Animal feed,million ton-miles,2012,67.41707,982.48988,638.755554
Nevada,Coal-n.e.c.,million ton-miles,2012,62.596734,943.5109,418.241604
Nevada,Furniture,million ton-miles,2012,56.037079,784.8438,405.943427
Nevada,Misc. mfg. prods.,million ton-miles,2012,53.206414,671.636318,394.017538
New Hampshire,Gravel,million ton-miles,2012,121.2415,1715.6708,420.025237
New Hampshire,Natural sands,million ton-miles,2012,104.5838,707.4219,395.959247
New Hampshire,Fuel oils,million ton-miles,2012,95.75,515.987162,381.139752
New Hampshire,Nonmetal min. prods.,million ton-miles,2012,84.151217,505.803212,306.677269
New Hampshire,Logs,million ton-miles,2012,63.183893,492.882258,206.568717
New Hampshire,Wood prods.,million ton-miles,2012,40.472173,470.212708,199.564587
New Hampshire,Other foodstuffs,million ton-miles,2012,36.6759,312.4011,192.663975
New Hampshire,Nonmetallic minerals,million ton-miles,2012,27.8342,309.969085,179.759244
New Hampshire,Coal-n.e.c.,million ton-miles,2012,26.650358,274.1358,173.0491
New Hampshire,Waste/scrap,million ton-miles,2012,21.4017,236.171699,162.350071
New Jersey,Fuel oils,million ton-miles,2012,1184.468034,8939.8448,6032.128378
New Jersey,Gasoline,million ton-miles,2012,870.93284,6833.024713,4068.523027
New Jersey,Nonmetal min. prods.,million ton-miles,2012,515.302797,6178.496,3882.127586
New Jersey,Gravel,million ton-miles,2012,423.009803,6142.652701,3210.116111
New Jersey,Coal-n.e.c.,million ton-miles,2012,245.77658,4317.461432,2562.243666
New Jersey,Natural sands,million ton-miles,2012,180.039633,3855.568939,2286.464536
New Jersey,Other ag prods.,million ton-miles,2012,175.554895,3040.194544,2167.491503
New Jersey,Other foodstuffs,million ton-miles,2012,160.372068,2317.117547,2139.043199
New Jersey,Waste/scrap,million ton-miles,2012,140.591308,2245.501024,2083.13594
New Jersey,Mixed freight,million ton-miles,2012,125.198534,2018.346861,1999.332651
New Mexico,Coal-n.e.c.,million ton-miles,2012,3662.19096,5720.708335,12343.738
New Mexico,Coal,million ton-miles,2012,425.1434,1556.9682,9917.5514
New Mexico,Gravel,million ton-miles,2012,393.651,1541.7773,1413.8522
New Mexico,Other foodstuffs,million ton-miles,2012,377.749707,1472.8633,1131.753
New Mexico,Gasoline,million ton-miles,2012,216.8407,1006.416827,650.077
New Mexico,Crude petroleum,million ton-miles,2012,154.1675,861.7806,618.3579
New Mexico,Natural sands,million ton-miles,2012,128.1951,815.971553,525.5704
New Mexico,Nonmetal min. prods.,million ton-miles,2012,116.831014,812.425605,286.2921
New Mexico,Waste/scrap,million ton-miles,2012,106.22823,761.0466,285.822389
New Mexico,Fuel oils,million ton-miles,2012,97.2474,597.329326,278.4949
New York,Coal-n.e.c.,million ton-miles,2012,1900.260418,11767.41293,8084.663416
New York,Gravel,million ton-miles,2012,1725.500121,7531.256567,6057.359348
New York,Other foodstuffs,million ton-miles,2012,1406.992305,5805.482578,4131.651479
New York,Nonmetal min. prods.,million ton-miles,2012,1405.343603,5079.369956,3789.60372
New York,Waste/scrap,million ton-miles,2012,1386.921807,4660.166454,3440.251624
New York,Nonmetallic minerals,million ton-miles,2012,1060.097168,4521.508581,3026.794409
New York,Mixed freight,million ton-miles,2012,916.730941,4056.978285,2940.193519
New York,Base metals,million ton-miles,2012,911.403361,3399.390984,2875.405079
New York,Natural sands,million ton-miles,2012,735.344812,3183.262033,2845.150168
New York,Gasoline,million ton-miles,2012,659.335423,3110.680137,2841.188722
North Carolina,Gravel,million ton-miles,2012,1724.696719,16489.8666,5726.431875
North Carolina,Other foodstuffs,million ton-miles,2012,1185.328871,10709.00313,3915.790998
North Carolina,Nonmetal min. prods.,million ton-miles,2012,987.098094,5510.186453,3511.957883
North Carolina,Natural sands,million ton-miles,2012,768.547423,5016.674768,2902.124968
North Carolina,Gasoline,million ton-miles,2012,640.42566,4938.783672,2805.690971
North Carolina,Mixed freight,million ton-miles,2012,609.438027,3552.891683,2561.924088
North Carolina,Other ag prods.,million ton-miles,2012,555.49992,3024.829103,2336.258431
North Carolina,Logs,million ton-miles,2012,426.723503,2515.402364,2245.368812
North Carolina,Wood prods.,million ton-miles,2012,404.759799,2325.77026,2104.095921
North Carolina,Animal feed,million ton-miles,2012,368.343152,2148.594275,2027.520255
North Dakota,Other ag prods.,million ton-miles,2012,3893.143543,10100.25043,95343.0164
North Dakota,Coal,million ton-miles,2012,2169.2872,3678.372114,14500.76283
North Dakota,Coal-n.e.c.,million ton-miles,2012,1025.58505,2707.910926,12466.04288
North Dakota,Cereal grains,million ton-miles,2012,667.677,2645.947881,9445.243053
North Dakota,Fertilizers,million ton-miles,2012,625.3355,2415.240581,6382.38387
North Dakota,Fuel oils,million ton-miles,2012,552.0669,2288.473734,4761.766106
North Dakota,Gasoline,million ton-miles,2012,389.0101,1972.165694,4144.950191
North Dakota,Gravel,million ton-miles,2012,271.5658,1886.327679,3949.522802
North Dakota,Nonmetal min. prods.,million ton-miles,2012,207.3549,1596.168023,2304.080275
North Dakota,Crude petroleum,million ton-miles,2012,88.5109,1210.742809,2286.96054
Ohio,Gravel,million ton-miles,2012,2811.329,22939.3703,11205.05631
Ohio,Gasoline,million ton-miles,2012,2205.7908,19946.0653,9922.92845
Ohio,Nonmetal min. prods.,million ton-miles,2012,1892.434469,12914.01616,5919.710333
Ohio,Cereal grains,million ton-miles,2012,1860.452,9041.572359,5411.717358
Ohio,Fuel oils,million ton-miles,2012,1239.991957,8566.967733,5404.466572
Ohio,Coal-n.e.c.,million ton-miles,2012,1196.237093,7627.217881,4711.203956
Ohio,Base metals,million ton-miles,2012,1022.153424,6506.468086,4547.075194
Ohio,Mixed freight,million ton-miles,2012,955.618536,6234.083007,4151.514275
Ohio,Other ag prods.,million ton-miles,2012,955.584977,4584.772507,4142.491947
Ohio,Other foodstuffs,million ton-miles,2012,824.544615,4018.764431,4060.86463
Oklahoma,Coal-n.e.c.,million ton-miles,2012,7443.737371,24697.3184,35151.8871
Oklahoma,Gravel,million ton-miles,2012,1753.406876,11269.96543,13258.8408
Oklahoma,Fuel oils,million ton-miles,2012,1708.6857,7202.631,6007.133228
Oklahoma,Gasoline,million ton-miles,2012,1418.1674,2685.5777,3913.7591
Oklahoma,Natural sands,million ton-miles,2012,479.933251,2305.916447,2374.354288
Oklahoma,Animal feed,million ton-miles,2012,451.9838,2258.97854,2246.815388
Oklahoma,Nonmetal min. prods.,million ton-miles,2012,437.507417,2081.0143,2172.1007
Oklahoma,Cereal grains,million ton-miles,2012,423.2965,1788.862526,1963.831165
Oklahoma,Crude petroleum,million ton-miles,2012,254.1803,1650.655633,1469.972171
Oklahoma,Other foodstuffs,million ton-miles,2012,247.831487,1433.075186,1280.35404
Oregon,Wood prods.,million ton-miles,2012,1069.042412,10392.54894,11329.92289
Oregon,Logs,million ton-miles,2012,761.291894,7170.004683,7605.709743
Oregon,Nonmetal min. prods.,million ton-miles,2012,630.678338,4632.05941,3323.990677
Oregon,Gravel,million ton-miles,2012,619.7839,2866.989089,2716.057086
Oregon,Other foodstuffs,million ton-miles,2012,281.488672,2657.168925,2081.323762
Oregon,Mixed freight,million ton-miles,2012,233.467424,1863.191625,1608.148567
Oregon,Natural sands,million ton-miles,2012,155.1841,1703.714633,1198.250851
Oregon,Waste/scrap,million ton-miles,2012,140.660134,1455.746117,1165.445984
Oregon,Fuel oils,million ton-miles,2012,136.278233,1292.785799,1033.112301
Oregon,Cereal grains,million ton-miles,2012,136.179,1289.674725,984.8525
Pennsylvania,Coal-n.e.c.,million ton-miles,2012,16655.17151,12002.38863,13108.2389
Pennsylvania,Coal,million ton-miles,2012,6412.695863,11142.78454,12800.13358
Pennsylvania,Other foodstuffs,million ton-miles,2012,2186.35902,8347.268568,10930.15352
Pennsylvania,Gasoline,million ton-miles,2012,1933.259583,7029.384875,6135.504264
Pennsylvania,Waste/scrap,million ton-miles,2012,1869.803784,6021.341568,4292.331912
Pennsylvania,Gravel,million ton-miles,2012,1696.2471,5711.388419,3981.639355
Pennsylvania,Nonmetal min. prods.,million ton-miles,2012,1310.781114,4701.491635,3080.414187
Pennsylvania,Mixed freight,million ton-miles,2012,976.720469,4439.1029,2954.479122
Pennsylvania,Crude petroleum,million ton-miles,2012,949.4808,3873.372074,2908.8519
Pennsylvania,Animal feed,million ton-miles,2012,879.924399,3189.074421,2633.855734
Rhode Island,Gasoline,million ton-miles,2012,81.4657,559.354762,837.1052
Rhode Island,Fuel oils,million ton-miles,2012,47.6966,365.168419,372.538807
Rhode Island,Waste/scrap,million ton-miles,2012,25.796801,298.017745,323.092031
Rhode Island,Gravel,million ton-miles,2012,20.1181,177.836099,271.232329
Rhode Island,Nonmetal min. prods.,million ton-miles,2012,16.299075,176.498451,230.934025
Rhode Island,Coal-n.e.c.,million ton-miles,2012,8.944,171.958123,199.204742
Rhode Island,Furniture,million ton-miles,2012,6.179112,156.247116,152.6921
Rhode Island,Motorized vehicles,million ton-miles,2012,5.794204,153.303004,139.524571
Rhode Island,Natural sands,million ton-miles,2012,5.7616,135.476151,103.427545
Rhode Island,Misc. mfg. prods.,million ton-miles,2012,5.644206,127.008949,95.649771
South Carolina,Gravel,million ton-miles,2012,475.991138,10945.0405,4544.63107
South Carolina,Plastics/rubber,million ton-miles,2012,315.364656,4707.436718,3799.405528
South Carolina,Natural sands,million ton-miles,2012,298.568005,4033.651882,2539.722655
South Carolina,Basic chemicals,million ton-miles,2012,296.673664,3169.394464,2399.231786
South Carolina,Logs,million ton-miles,2012,286.740551,3129.313539,2283.85062
South Carolina,Waste/scrap,million ton-miles,2012,244.577454,2700.713709,2139.434533
South Carolina,Nonmetal min. prods.,million ton-miles,2012,222.293774,2410.358725,1393.037325
South Carolina,Mixed freight,million ton-miles,2012,163.409546,1935.081732,1283.814355
South Carolina,Motorized vehicles,million ton-miles,2012,137.958533,1685.129002,1090.720421
South Carolina,Base metals,million ton-miles,2012,124.091848,1337.262195,954.056931
South Dakota,Other ag prods.,million ton-miles,2012,1003.668699,4711.92961,8853.4364
South Dakota,Nonmetal min. prods.,million ton-miles,2012,863.1695,2795.6562,7199.997261
South Dakota,Gravel,million ton-miles,2012,556.736,1219.3388,3367.1494
South Dakota,Cereal grains,million ton-miles,2012,504.6986,968.1537,2835.052524
South Dakota,Natural sands,million ton-miles,2012,271.3436,848.804564,2560.391338
South Dakota,Logs,million ton-miles,2012,205.474827,697.088543,1198.8373
South Dakota,Fertilizers,million ton-miles,2012,129.0893,539.578132,993.518034
South Dakota,Animal feed,million ton-miles,2012,114.1989,513.8209,755.3123
South Dakota,Coal-n.e.c.,million ton-miles,2012,112.5919,449.8428,675.6534
South Dakota,Live animals/fish,million ton-miles,2012,77.4819,432.4701,630.6095
Tennessee,Nonmetal min. prods.,million ton-miles,2012,849.992477,16842.62256,9756.58199
Tennessee,Gravel,million ton-miles,2012,802.5916,5830.471332,5810.098625
Tennessee,Wood prods.,million ton-miles,2012,626.038372,5536.948204,4005.143512
Tennessee,Other foodstuffs,million ton-miles,2012,606.027018,4837.321654,3432.421876
Tennessee,Other ag prods.,million ton-miles,2012,600.70401,3828.248491,3092.819885
Tennessee,Base metals,million ton-miles,2012,532.031051,3064.638556,3043.742337
Tennessee,Logs,million ton-miles,2012,498.348515,2980.417189,2793.699474
Tennessee,Gasoline,million ton-miles,2012,399.810214,2914.5691,2648.875712
Tennessee,Animal feed,million ton-miles,2012,354.426171,1906.446687,2097.100758
Tennessee,Mixed freight,million ton-miles,2012,340.21805,1804.45278,1964.30946
Texas,Coal-n.e.c.,million ton-miles,2012,75141.96742,107912.7207,59883.34982
Texas,Fuel oils,million ton-miles,2012,23937.2179,39419.6121,59372.9459
Texas,Gasoline,million ton-miles,2012,22339.55655,31673.95613,33799.01033
Texas,Gravel,million ton-miles,2012,16548.0356,29388.34298,27595.05413
Texas,Crude petroleum,million ton-miles,2012,11396.0205,20953.72197,16290.50214
Texas,Nonmetal min. prods.,million ton-miles,2012,10089.56168,17772.44506,11818.0458
Texas,Basic chemicals,million ton-miles,2012,8459.648864,15696.78134,11583.13023
Texas,Mixed freight,million ton-miles,2012,6302.274145,12331.23524,9630.317994
Texas,Other foodstuffs,million ton-miles,2012,4631.08419,10975.92949,8939.549336
Texas,Plastics/rubber,million ton-miles,2012,4245.141362,10427.13041,8923.939601
Utah,Coal,million ton-miles,2012,1811.0516,9642.287798,10473.95028
Utah,Coal-n.e.c.,million ton-miles,2012,1134.637514,3267.868677,3359.7713
Utah,Nonmetal min. prods.,million ton-miles,2012,495.049985,2062.4829,2582.272605
Utah,Gasoline,million ton-miles,2012,382.665257,1766.568338,2530.126467
Utah,Crude petroleum,million ton-miles,2012,285.7205,1697.915003,1938.5121
Utah,Fuel oils,million ton-miles,2012,147.257706,1118.189046,1801.09383
Utah,Mixed freight,million ton-miles,2012,141.147306,1084.365396,1752.637051
Utah,Basic chemicals,million ton-miles,2012,108.701838,1004.2261,1666.417787
Utah,Wood prods.,million ton-miles,2012,95.515717,936.358454,1576.957822
Utah,Gravel,million ton-miles,2012,91.206608,876.31722,1065.965657
Vermont,Other foodstuffs,million ton-miles,2012,167.3516,479.6483,999.1155
Vermont,Gravel,million ton-miles,2012,150.5823,432.150302,941.128239
Vermont,Animal feed,million ton-miles,2012,59.9801,347.621328,369.184652
Vermont,Natural sands,million ton-miles,2012,47.6498,220.3736,335.375873
Vermont,Fuel oils,million ton-miles,2012,47.2342,175.382294,323.959785
Vermont,Nonmetal min. prods.,million ton-miles,2012,42.213511,162.936237,184.809163
Vermont,Nonmetallic minerals,million ton-miles,2012,36.2383,159.327628,166.784464
Vermont,Logs,million ton-miles,2012,36.204003,133.201125,117.7937
Vermont,Coal-n.e.c.,million ton-miles,2012,28.83172,119.120466,110.904817
Vermont,Waste/scrap,million ton-miles,2012,20.7622,117.867927,104.363757
Virginia,Coal,million ton-miles,2012,1243.55854,39296.2528,6791.459131
Virginia,Logs,million ton-miles,2012,1142.268523,11079.4821,3119.974122
Virginia,Waste/scrap,million ton-miles,2012,980.831235,5676.879837,2597.260787
Virginia,Other foodstuffs,million ton-miles,2012,712.685967,5058.62233,2190.501441
Virginia,Gravel,million ton-miles,2012,711.926601,2821.323973,1788.251186
Virginia,Natural sands,million ton-miles,2012,637.369227,2705.823371,1564.641946
Virginia,Coal-n.e.c.,million ton-miles,2012,620.954961,2408.540678,1442.442353
Virginia,Mixed freight,million ton-miles,2012,477.609877,2214.558579,1315.684631
Virginia,Nonmetal min. prods.,million ton-miles,2012,442.21,2032.625862,1308.316296
Virginia,Wood prods.,million ton-miles,2012,302.688517,1998.177806,1279.701882
Washington,Gasoline,million ton-miles,2012,1986.801923,24133.6352,9585.715204
Washington,Cereal grains,million ton-miles,2012,1670.686933,13638.55544,5891.900812
Washington,Coal-n.e.c.,million ton-miles,2012,1455.994215,12647.76428,5197.641775
Washington,Nonmetal min. prods.,million ton-miles,2012,1295.434481,5474.089778,3750.578735
Washington,Other ag prods.,million ton-miles,2012,1201.244921,5416.0412,3588.936203
Washington,Gravel,million ton-miles,2012,1129.17354,5257.779123,3545.030487
Washington,Logs,million ton-miles,2012,1052.829671,3399.375134,3499.647793
Washington,Other foodstuffs,million ton-miles,2012,941.320592,2690.050555,2969.549383
Washington,Wood prods.,million ton-miles,2012,725.749912,2441.288628,2082.32894
Washington,Fuel oils,million ton-miles,2012,697.521706,2228.399353,1632.826922
Washington DC,Nonmetal min. prods.,million ton-miles,2012,4.788704,84.652635,311.2836
Washington DC,Alcoholic beverages,million ton-miles,2012,0.6782,84.366258,275.793152
Washington DC,Textiles/leather,million ton-miles,2012,0.621214,69.132644,37.9039
Washington DC,Machinery,million ton-miles,2012,0.370709,69.076081,22.121463
Washington DC,Furniture,million ton-miles,2012,0.327354,58.526336,19.89952
Washington DC,Other foodstuffs,million ton-miles,2012,0.3236,58.491244,16.4758
Washington DC,Other ag prods.,million ton-miles,2012,0.2582,55.389015,16.04595
Washington DC,Wood prods.,million ton-miles,2012,0.2387,45.889878,7.174147
Washington DC,Plastics/rubber,million ton-miles,2012,0.150701,42.522328,5.391997
West Virginia,Coal-n.e.c.,million ton-miles,2012,2355.278815,8326.917076,71055.5941
West Virginia,Coal,million ton-miles,2012,1241.0269,4908.6856,8637.240523
West Virginia,Logs,million ton-miles,2012,119.484272,2838.7174,7884.0168
West Virginia,Gravel,million ton-miles,2012,119.0169,1937.2599,1902.401109
West Virginia,Basic chemicals,million ton-miles,2012,102.272409,1582.760545,1358.845608
West Virginia,Animal feed,million ton-miles,2012,53.8914,1082.7818,1290.335538
West Virginia,Nonmetal min. prods.,million ton-miles,2012,51.016718,944.893242,1117.748596
West Virginia,Natural sands,million ton-miles,2012,42.2803,807.989835,1016.617357
West Virginia,Gasoline,million ton-miles,2012,31.1411,748.419555,742.0444
West Virginia,Waste/scrap,million ton-miles,2012,28.187,711.638069,380.154222
Wisconsin,Other foodstuffs,million ton-miles,2012,4258.572251,31924.30342,5982.409331
Wisconsin,Cereal grains,million ton-miles,2012,3108.694931,6284.8069,4101.501974
Wisconsin,Animal feed,million ton-miles,2012,932.190265,5700.179995,4048.345706
Wisconsin,Gravel,million ton-miles,2012,767.8778,3939.80237,3611.996756
Wisconsin,Nonmetal min. prods.,million ton-miles,2012,752.171058,3694.832635,3281.332652
Wisconsin,Fuel oils,million ton-miles,2012,727.681629,2774.419262,2712.180854
Wisconsin,Other ag prods.,million ton-miles,2012,627.045867,2742.678757,2530.938854
Wisconsin,Natural sands,million ton-miles,2012,599.9905,2619.887068,2393.834943
Wisconsin,Mixed freight,million ton-miles,2012,438.518339,2602.161267,2256.713389
Wisconsin,Gasoline,million ton-miles,2012,387.9537,2580.517105,2219.472074
Wyoming,Coal-n.e.c.,million ton-miles,2012,12268.0527,10871.48805,473199.0424
Wyoming,Coal,million ton-miles,2012,4768.7903,2259.5121,30824.46013
Wyoming,Fuel oils,million ton-miles,2012,968.2225,846.183055,25548.386
Wyoming,Nonmetal min. prods.,million ton-miles,2012,333.3337,817.1044,5167.8381
Wyoming,Basic chemicals,million ton-miles,2012,306.7462,680.6989,2684.857499
Wyoming,Crude petroleum,million ton-miles,2012,191.1926,655.0836,1322.0211
Wyoming,Other ag prods.,million ton-miles,2012,159.901183,638.1102,647.336901
Wyoming,Gasoline,million ton-miles,2012,78.7655,623.7394,467.3553
Wyoming,Machinery,million ton-miles,2012,44.413,499.2179,342.071247
Wyoming,Natural sands,million ton-miles,2012,37.2339,422.8554,289.7542
Alabama,Coal,million ton-miles,2022,17205.16314,19111.53284,21935.1556
Alabama,Logs,million ton-miles,2022,4492.0657,8391.794453,10415.01974
Alabama,Coal-n.e.c.,million ton-miles,2022,1981.231774,4454.123355,4907.30525
Alabama,Gravel,million ton-miles,2022,1953.652762,4240.337985,4130.317196
Alabama,Base metals,million ton-miles,2022,1495.410581,2951.735105,3926.376334
Alabama,Nonmetal min. prods.,million ton-miles,2022,1058.956325,2891.258841,3794.496562
Alabama,Natural sands,million ton-miles,2022,1052.533469,2428.209419,3402.697289
Alabama,Fuel oils,million ton-miles,2022,972.474027,2209.327479,3169.952641
Alabama,Wood prods.,million ton-miles,2022,864.35941,2081.176913,3082.886693
Alabama,Waste/scrap,million ton-miles,2022,847.722155,2005.203474,2602.132872
Alaska,Crude petroleum,million ton-miles,2022,2351.780948,1130.526876,85585.91529
Alaska,Gasoline,million ton-miles,2022,1493.8806,771.417841,914.586951
Alaska,Live animals/fish,million ton-miles,2022,898.441743,716.158407,306.497685
Alaska,Fuel oils,million ton-miles,2022,840.370157,455.159655,168.635265
Alaska,Gravel,million ton-miles,2022,528.906958,324.281147,143.070691
Alaska,Nonmetal min. prods.,million ton-miles,2022,443.467265,235.13297,120.342933
Alaska,Meat/seafood,million ton-miles,2022,328.049762,224.255637,101.144592
Alaska,Metallic ores,million ton-miles,2022,286.828858,203.742306,81.313429
Alaska,Logs,million ton-miles,2022,241.662095,184.085463,60.274808
Alaska,Waste/scrap,million ton-miles,2022,154.351476,169.563615,50.719365
Arizona,Coal,million ton-miles,2022,1869.368821,11643.36255,9030.359518
Arizona,Gravel,million ton-miles,2022,1304.887151,6580.232587,3750.765519
Arizona,Metallic ores,million ton-miles,2022,1153.660047,3990.092903,2486.59148
Arizona,Nonmetal min. prods.,million ton-miles,2022,1000.711851,3731.214945,1488.333659
Arizona,Other ag prods.,million ton-miles,2022,854.094206,2854.963206,1388.9062
Arizona,Coal-n.e.c.,million ton-miles,2022,679.028076,2778.571484,1317.454847
Arizona,Other foodstuffs,million ton-miles,2022,318.853961,2377.789011,960.874245
Arizona,Mixed freight,million ton-miles,2022,289.486873,2328.575716,922.469199
Arizona,Waste/scrap,million ton-miles,2022,277.419285,2006.54479,921.530835
Arizona,Logs,million ton-miles,2022,206.064738,1923.447887,817.131107
Arkansas,Logs,million ton-miles,2022,3082.667421,12378.40301,7042.65228
Arkansas,Gravel,million ton-miles,2022,2576.077946,6631.240747,4100.129365
Arkansas,Cereal grains,million ton-miles,2022,1725.279287,2699.325453,3246.571404
Arkansas,Natural sands,million ton-miles,2022,1274.331554,2300.058893,2427.296445
Arkansas,Other ag prods.,million ton-miles,2022,1273.650868,2223.256446,2386.886822
Arkansas,Coal-n.e.c.,million ton-miles,2022,969.222585,1910.539109,2035.652463
Arkansas,Nonmetal min. prods.,million ton-miles,2022,912.13031,1080.770603,1880.930889
Arkansas,Wood prods.,million ton-miles,2022,681.322334,1047.577637,1399.86592
Arkansas,Waste/scrap,million ton-miles,2022,670.872871,754.863718,1185.511055
Arkansas,Milled grain prods.,million ton-miles,2022,660.271137,749.130924,1040.075926
California,Coal-n.e.c.,million ton-miles,2022,11750.24288,77616.72275,41615.76656
California,Other foodstuffs,million ton-miles,2022,9187.541597,28470.83606,17428.94379
California,Other ag prods.,million ton-miles,2022,8249.950372,27793.51705,14301.74738
California,Nonmetal min. prods.,million ton-miles,2022,8098.846918,18145.08285,13633.36205
California,Crude petroleum,million ton-miles,2022,8022.459921,17707.19697,12768.16098
California,Gravel,million ton-miles,2022,6995.141939,15968.07693,12588.7502
California,Gasoline,million ton-miles,2022,6765.725444,14721.56788,10702.7216
California,Fuel oils,million ton-miles,2022,5216.777384,14183.45099,10026.73774
California,Waste/scrap,million ton-miles,2022,4823.546359,12185.51491,9086.020708
California,Animal feed,million ton-miles,2022,4703.832794,11631.19792,8783.590688
Colorado,Cereal grains,million ton-miles,2022,4263.65119,6219.520567,22637.47808
Colorado,Coal-n.e.c.,million ton-miles,2022,2521.626686,4959.328912,18571.30337
Colorado,Gravel,million ton-miles,2022,2046.136958,3919.681576,8826.182464
Colorado,Nonmetal min. prods.,million ton-miles,2022,1726.5021,3297.438782,2670.481555
Colorado,Coal,million ton-miles,2022,1198.320309,2170.343911,2204.296485
Colorado,Waste/scrap,million ton-miles,2022,796.211647,1931.53002,2051.395337
Colorado,Other ag prods.,million ton-miles,2022,782.907595,1651.74596,2036.86584
Colorado,Motorized vehicles,million ton-miles,2022,438.577377,1625.664468,1438.160767
Colorado,Other foodstuffs,million ton-miles,2022,437.908908,1424.910974,1033.490053
Colorado,Animal feed,million ton-miles,2022,400.178365,1378.213396,1020.242936
Connecticut,Gravel,million ton-miles,2022,652.461465,8092.469701,1389.466369
Connecticut,Fuel oils,million ton-miles,2022,430.442537,3746.863079,1050.864447
Connecticut,Coal-n.e.c.,million ton-miles,2022,318.226753,2462.622062,975.796884
Connecticut,Gasoline,million ton-miles,2022,307.210104,1563.655491,972.583723
Connecticut,Nonmetal min. prods.,million ton-miles,2022,271.398054,1149.992212,945.84971
Connecticut,Waste/scrap,million ton-miles,2022,143.278907,854.896274,800.283411
Connecticut,Natural sands,million ton-miles,2022,130.791176,844.883342,728.651983
Connecticut,Other foodstuffs,million ton-miles,2022,84.330072,781.462967,700.613092
Connecticut,Mixed freight,million ton-miles,2022,56.67726,741.302567,546.107544
Connecticut,Base metals,million ton-miles,2022,50.314307,690.994087,507.524174
Delaware,Other ag prods.,million ton-miles,2022,109.166724,5868.352558,1359.705631
Delaware,Gravel,million ton-miles,2022,80.720695,904.455902,973.953284
Delaware,Coal-n.e.c.,million ton-miles,2022,52.954734,555.000005,782.88667
Delaware,Nonmetal min. prods.,million ton-miles,2022,46.658485,466.280342,491.820192
Delaware,Gasoline,million ton-miles,2022,31.399188,398.781771,464.527854
Delaware,Fuel oils,million ton-miles,2022,29.478603,361.383518,462.753776
Delaware,Natural sands,million ton-miles,2022,28.3951,305.314178,406.841919
Delaware,Animal feed,million ton-miles,2022,28.069043,301.499117,361.79225
Delaware,Cereal grains,million ton-miles,2022,24.458717,276.381186,357.428156
Delaware,Nonmetallic minerals,million ton-miles,2022,17.263203,198.024939,300.267075
Florida,Other ag prods.,million ton-miles,2022,8326.979573,14158.60966,8689.504866
Florida,Gravel,million ton-miles,2022,7601.527503,11851.3895,6759.383774
Florida,Natural sands,million ton-miles,2022,6999.649055,10116.44378,3855.660834
Florida,Nonmetal min. prods.,million ton-miles,2022,6253.597248,8954.528669,3564.520827
Florida,Coal-n.e.c.,million ton-miles,2022,3126.388746,8608.515387,3528.838427
Florida,Other foodstuffs,million ton-miles,2022,2966.524966,5114.15252,3418.230162
Florida,Fertilizers,million ton-miles,2022,2924.103873,5000.063024,3071.679489
Florida,Logs,million ton-miles,2022,2901.388678,4932.276735,2909.450522
Florida,Waste/scrap,million ton-miles,2022,2608.036938,4678.975056,2696.330137
Florida,Gasoline,million ton-miles,2022,2222.301845,3841.899214,2517.616287
Georgia,Logs,million ton-miles,2022,5141.041249,9069.502855,4862.061622
Georgia,Coal-n.e.c.,million ton-miles,2022,2699.495034,8980.670215,4705.998476
Georgia,Nonmetal min. prods.,million ton-miles,2022,2334.973538,8630.066375,4102.271856
Georgia,Gravel,million ton-miles,2022,2228.013389,7183.121737,3845.442816
Georgia,Wood prods.,million ton-miles,2022,1672.604785,7142.188546,3701.930022
Georgia,Newsprint/paper,million ton-miles,2022,1505.357248,4296.289339,3685.110086
Georgia,Other ag prods.,million ton-miles,2022,1472.383805,3967.504524,3679.214024
Georgia,Gasoline,million ton-miles,2022,1472.267052,3735.183263,3376.371465
Georgia,Other foodstuffs,million ton-miles,2022,1350.46606,3562.961099,3249.672382
Georgia,Waste/scrap,million ton-miles,2022,1220.656679,3434.672693,3228.240746
Hawaii,Gasoline,million ton-miles,2022,477.818898,2216.098388,5657.55323
Hawaii,Fuel oils,million ton-miles,2022,319.903498,1460.822639,2413.814982
Hawaii,Nonmetal min. prods.,million ton-miles,2022,220.698328,986.052573,1504.430375
Hawaii,Waste/scrap,million ton-miles,2022,160.203226,688.00365,387.88325
Hawaii,Natural sands,million ton-miles,2022,74.313197,527.632151,199.786545
Hawaii,Gravel,million ton-miles,2022,67.053313,505.365863,156.353909
Hawaii,Other ag prods.,million ton-miles,2022,56.870592,424.107064,128.948772
Hawaii,Other foodstuffs,million ton-miles,2022,50.510569,415.952896,94.850239
Hawaii,Mixed freight,million ton-miles,2022,47.504077,388.503517,84.403481
Hawaii,Basic chemicals,million ton-miles,2022,36.824743,341.531936,77.6806
Idaho,Other ag prods.,million ton-miles,2022,2899.625352,2331.232788,11260.44701
Idaho,Coal-n.e.c.,million ton-miles,2022,2883.846876,1680.519856,5601.100329
Idaho,Cereal grains,million ton-miles,2022,2505.185259,1433.047795,5082.062712
Idaho,Logs,million ton-miles,2022,1707.391096,1243.693294,4482.605872
Idaho,Other foodstuffs,million ton-miles,2022,1080.324029,1022.900328,4403.421092
Idaho,Animal feed,million ton-miles,2022,746.174146,1015.339853,1652.245154
Idaho,Nonmetallic minerals,million ton-miles,2022,626.00123,857.355967,1490.139457
Idaho,Gravel,million ton-miles,2022,620.651325,792.176904,1348.821362
Idaho,Fertilizers,million ton-miles,2022,481.625426,743.029077,921.96793
Idaho,Waste/scrap,million ton-miles,2022,427.18106,658.732961,386.934675
Illinois,Cereal grains,million ton-miles,2022,16773.79942,56388.1185,36016.40483
Illinois,Other ag prods.,million ton-miles,2022,4853.679853,19779.44578,28709.05312
Illinois,Gravel,million ton-miles,2022,4634.143735,14597.01634,14504.94
Illinois,Gasoline,million ton-miles,2022,3562.985581,12797.29621,13657.70189
Illinois,Fuel oils,million ton-miles,2022,2653.901251,8968.382739,13641.54026
Illinois,Animal feed,million ton-miles,2022,2243.640092,8459.864308,13565.46805
Illinois,Coal-n.e.c.,million ton-miles,2022,2176.074648,8363.999258,12289.37517
Illinois,Nonmetal min. prods.,million ton-miles,2022,2151.191519,7488.619827,10466.96481
Illinois,Fertilizers,million ton-miles,2022,1168.880557,6623.058981,8774.056685
Illinois,Other foodstuffs,million ton-miles,2022,1130.693964,6057.309726,8548.837507
Indiana,Gravel,million ton-miles,2022,5071.402082,27997.03393,13457.20613
Indiana,Cereal grains,million ton-miles,2022,4616.629296,12317.87177,12352.58931
Indiana,Coal-n.e.c.,million ton-miles,2022,2330.982794,12188.38766,10887.81377
Indiana,Other ag prods.,million ton-miles,2022,1701.111538,7148.460609,7527.871002
Indiana,Coal,million ton-miles,2022,1626.736003,5219.264272,7299.858548
Indiana,Nonmetal min. prods.,million ton-miles,2022,1231.748868,5044.732788,6282.364811
Indiana,Base metals,million ton-miles,2022,1046.566198,4528.825648,5379.160582
Indiana,Gasoline,million ton-miles,2022,861.800131,4010.359917,3549.359717
Indiana,Waste/scrap,million ton-miles,2022,808.125089,3668.623451,3115.890315
Indiana,Other foodstuffs,million ton-miles,2022,786.276483,3352.44957,3079.464679
Iowa,Cereal grains,million ton-miles,2022,19959.67976,12725.8545,17957.45665
Iowa,Gravel,million ton-miles,2022,5699.842956,7423.64964,15412.09502
Iowa,Animal feed,million ton-miles,2022,4705.059097,3570.192206,13486.63517
Iowa,Other ag prods.,million ton-miles,2022,3301.724918,3535.510044,12344.1048
Iowa,Nonmetal min. prods.,million ton-miles,2022,1698.25669,2534.952301,9338.743916
Iowa,Fertilizers,million ton-miles,2022,1500.773895,2039.562072,6734.432883
Iowa,Coal-n.e.c.,million ton-miles,2022,1326.865658,2027.076394,3416.471975
Iowa,Other foodstuffs,million ton-miles,2022,1325.87285,1974.852179,3401.633354
Iowa,Live animals/fish,million ton-miles,2022,1262.887185,1812.402045,3129.742875
Iowa,Waste/scrap,million ton-miles,2022,548.891194,1800.633862,2912.281342
Kansas,Cereal grains,million ton-miles,2022,13888.14461,11003.19838,14148.57592
Kansas,Fuel oils,million ton-miles,2022,2211.346159,9969.268482,13339.17851
Kansas,Gravel,million ton-miles,2022,2105.184002,2570.727321,4281.539628
Kansas,Other ag prods.,million ton-miles,2022,1960.873295,2486.82446,2836.873842
Kansas,Coal-n.e.c.,million ton-miles,2022,1699.822649,2432.384311,2761.934058
Kansas,Nonmetal min. prods.,million ton-miles,2022,1456.236478,1731.500879,2389.247317
Kansas,Gasoline,million ton-miles,2022,1373.590196,1513.370149,1759.394524
Kansas,Fertilizers,million ton-miles,2022,950.923393,1429.685004,1577.46046
Kansas,Animal feed,million ton-miles,2022,801.600211,1341.020154,1456.540322
Kansas,Natural sands,million ton-miles,2022,656.651471,1221.037051,1436.53968
Kentucky,Coal,million ton-miles,2022,3065.503295,20574.78739,13836.96205
Kentucky,Gravel,million ton-miles,2022,2898.376163,10647.63249,9330.991428
Kentucky,Cereal grains,million ton-miles,2022,1407.147702,9427.904096,6403.873508
Kentucky,Coal-n.e.c.,million ton-miles,2022,838.776896,5208.686101,4162.527716
Kentucky,Gasoline,million ton-miles,2022,792.703963,3284.314113,3455.563496
Kentucky,Waste/scrap,million ton-miles,2022,781.056769,2602.626855,2757.962743
Kentucky,Logs,million ton-miles,2022,779.326934,2499.676147,2564.365506
Kentucky,Fuel oils,million ton-miles,2022,555.696774,2335.639621,2265.140474
Kentucky,Nonmetal min. prods.,million ton-miles,2022,500.382544,2185.165717,2012.569685
Kentucky,Other ag prods.,million ton-miles,2022,418.472393,1563.971375,1797.773622
Louisiana,Coal-n.e.c.,million ton-miles,2022,9302.372354,93055.70599,32883.07162
Louisiana,Fuel oils,million ton-miles,2022,8508.397545,51434.88173,29162.88487
Louisiana,Crude petroleum,million ton-miles,2022,7735.78386,42334.16376,19461.89041
Louisiana,Other ag prods.,million ton-miles,2022,6602.016614,31463.07727,18460.17642
Louisiana,Cereal grains,million ton-miles,2022,3604.179458,14077.72799,10168.34651
Louisiana,Gasoline,million ton-miles,2022,3484.536705,7453.056743,8507.597695
Louisiana,Basic chemicals,million ton-miles,2022,3296.54243,6385.174703,7844.212551
Louisiana,Gravel,million ton-miles,2022,2682.068033,6328.885957,7694.920289
Louisiana,Logs,million ton-miles,2022,1657.425648,5740.445416,7017.693202
Louisiana,Nonmetal min. prods.,million ton-miles,2022,1596.393186,4181.755026,5466.022058
Maine,Logs,million ton-miles,2022,2049.639249,911.285514,2712.976058
Maine,Gravel,million ton-miles,2022,390.734972,658.246122,2228.171434
Maine,Nonmetal min. prods.,million ton-miles,2022,381.059956,464.839269,1150.312903
Maine,Coal-n.e.c.,million ton-miles,2022,321.382567,435.24072,548.330614
Maine,Fuel oils,million ton-miles,2022,311.769708,288.258812,477.658219
Maine,Gasoline,million ton-miles,2022,289.177591,261.249901,444.09097
Maine,Wood prods.,million ton-miles,2022,214.104905,242.459821,425.327696
Maine,Other foodstuffs,million ton-miles,2022,146.51113,234.831353,413.213226
Maine,Basic chemicals,million ton-miles,2022,145.217339,229.933122,278.404275
Maine,Waste/scrap,million ton-miles,2022,139.825998,216.617466,234.766565
Maryland,Gravel,million ton-miles,2022,1809.115879,4230.950427,2656.492279
Maryland,Nonmetal min. prods.,million ton-miles,2022,756.037739,3125.550543,2068.958094
Maryland,Natural sands,million ton-miles,2022,365.255059,2587.263817,1966.155125
Maryland,Coal-n.e.c.,million ton-miles,2022,344.684905,2227.048553,1537.975087
Maryland,Other foodstuffs,million ton-miles,2022,283.874708,2014.601563,1472.37416
Maryland,Waste/scrap,million ton-miles,2022,267.178959,1638.537204,914.381876
Maryland,Gasoline,million ton-miles,2022,234.375653,1142.405341,801.969951
Maryland,Other ag prods.,million ton-miles,2022,212.271345,1095.505463,790.638264
Maryland,Logs,million ton-miles,2022,198.195618,1032.52446,749.419125
Maryland,Nonmetallic minerals,million ton-miles,2022,179.847238,1032.478428,654.367847
Massachusetts,Gravel,million ton-miles,2022,1172.258024,3622.154151,5631.243803
Massachusetts,Coal-n.e.c.,million ton-miles,2022,879.001364,2629.017511,2511.221286
Massachusetts,Nonmetal min. prods.,million ton-miles,2022,672.631486,2298.081375,1657.268332
Massachusetts,Gasoline,million ton-miles,2022,408.338685,1725.148122,1478.137088
Massachusetts,Fuel oils,million ton-miles,2022,265.609224,1356.636263,1227.610388
Massachusetts,Waste/scrap,million ton-miles,2022,261.40453,1229.176217,1208.871318
Massachusetts,Mixed freight,million ton-miles,2022,217.695404,1200.752801,1016.966273
Massachusetts,Natural sands,million ton-miles,2022,181.383177,1173.94102,874.560341
Massachusetts,Other foodstuffs,million ton-miles,2022,154.213069,1151.109852,820.237324
Massachusetts,Wood prods.,million ton-miles,2022,97.8796,1102.130823,750.070513
Michigan,Gravel,million ton-miles,2022,7577.122608,35937.51193,10924.86125
Michigan,Natural sands,million ton-miles,2022,3688.635844,16404.23875,8399.791957
Michigan,Logs,million ton-miles,2022,3061.683341,16148.76996,6996.777967
Michigan,Gasoline,million ton-miles,2022,2358.75977,13924.71917,5383.440936
Michigan,Coal-n.e.c.,million ton-miles,2022,2301.727599,10663.2731,4970.944447
Michigan,Nonmetal min. prods.,million ton-miles,2022,2142.12264,8613.429681,4879.595453
Michigan,Cereal grains,million ton-miles,2022,2097.813781,7254.163357,4704.115186
Michigan,Metallic ores,million ton-miles,2022,2084.531673,6231.707283,3996.032136
Michigan,Other ag prods.,million ton-miles,2022,1920.660973,5326.255226,3910.451165
Michigan,Nonmetallic minerals,million ton-miles,2022,1514.342283,4168.104666,3858.609265
Minnesota,Cereal grains,million ton-miles,2022,14770.7463,19449.88028,34491.89875
Minnesota,Other ag prods.,million ton-miles,2022,6002.183044,12921.25346,22801.58194
Minnesota,Gravel,million ton-miles,2022,3120.470699,7710.285529,11233.56209
Minnesota,Coal-n.e.c.,million ton-miles,2022,3080.34968,5894.408527,10898.36192
Minnesota,Animal feed,million ton-miles,2022,1894.165901,4467.550889,8897.419253
Minnesota,Nonmetal min. prods.,million ton-miles,2022,1780.367019,3786.53703,6951.613759
Minnesota,Logs,million ton-miles,2022,1563.486204,3425.234657,6473.97233
Minnesota,Metallic ores,million ton-miles,2022,1487.388897,3147.740932,6406.31822
Minnesota,Other foodstuffs,million ton-miles,2022,1427.335663,3104.762447,4680.624738
Minnesota,Gasoline,million ton-miles,2022,1100.586941,2576.914626,2792.257708
Mississippi,Logs,million ton-miles,2022,3997.397458,23771.71003,20169.5794
Mississippi,Coal-n.e.c.,million ton-miles,2022,2549.547976,3501.092574,4028.430776
Mississippi,Gasoline,million ton-miles,2022,738.492883,3040.87702,3239.431481
Mississippi,Other ag prods.,million ton-miles,2022,710.154514,2464.970743,2774.927723
Mississippi,Nonmetal min. prods.,million ton-miles,2022,673.438348,2104.094494,2462.79752
Mississippi,Fuel oils,million ton-miles,2022,607.39458,2026.51682,1947.692297
Mississippi,Gravel,million ton-miles,2022,536.191721,1720.677151,1924.715445
Mississippi,Cereal grains,million ton-miles,2022,535.831475,1506.88711,1869.529918
Mississippi,Wood prods.,million ton-miles,2022,495.05471,1423.086496,1807.082806
Mississippi,Animal feed,million ton-miles,2022,487.09704,1337.854413,1387.436308
Missouri,Cereal grains,million ton-miles,2022,4996.562426,19248.43934,14131.7232
Missouri,Gravel,million ton-miles,2022,4279.600019,9945.455284,7058.107539
Missouri,Nonmetal min. prods.,million ton-miles,2022,1873.23172,3295.40789,5366.552348
Missouri,Other ag prods.,million ton-miles,2022,1668.791465,2994.253943,5300.338301
Missouri,Natural sands,million ton-miles,2022,1297.286256,2989.413279,5086.317007
Missouri,Logs,million ton-miles,2022,1225.650431,2366.897435,4918.491919
Missouri,Coal-n.e.c.,million ton-miles,2022,1220.218774,2291.572211,3994.136215
Missouri,Animal feed,million ton-miles,2022,1034.147665,2049.066151,2977.654435
Missouri,Mixed freight,million ton-miles,2022,733.674071,1841.476016,2328.765706
Missouri,Other foodstuffs,million ton-miles,2022,668.843544,1646.455975,2123.781677
Montana,Coal-n.e.c.,million ton-miles,2022,3002.93227,2845.14249,20603.24705
Montana,Crude petroleum,million ton-miles,2022,1746.15539,1383.218237,10947.97111
Montana,Cereal grains,million ton-miles,2022,1138.472177,952.363023,9593.451179
Montana,Logs,million ton-miles,2022,891.419014,938.911849,6214.141907
Montana,Gravel,million ton-miles,2022,833.961065,860.021943,2485.651174
Montana,Gasoline,million ton-miles,2022,729.315362,763.134292,1671.213774
Montana,Coal,million ton-miles,2022,639.146928,701.259971,1282.504303
Montana,Nonmetal min. prods.,million ton-miles,2022,460.374791,683.455028,1074.004912
Montana,Fuel oils,million ton-miles,2022,459.622228,620.258766,716.235315
Montana,Waste/scrap,million ton-miles,2022,380.000547,619.484663,623.879191
Nebraska,Cereal grains,million ton-miles,2022,16223.1577,17843.6804,15759.30903
Nebraska,Animal feed,million ton-miles,2022,3410.563558,4423.930927,13968.50127
Nebraska,Other ag prods.,million ton-miles,2022,2238.578039,2080.364993,6562.540389
Nebraska,Fertilizers,million ton-miles,2022,977.936146,1970.730705,6273.659749
Nebraska,Nonmetal min. prods.,million ton-miles,2022,928.259759,1817.259182,4470.591723
Nebraska,Gravel,million ton-miles,2022,883.06981,1585.801887,3389.613306
Nebraska,Other foodstuffs,million ton-miles,2022,688.850448,1375.32841,3153.910636
Nebraska,Live animals/fish,million ton-miles,2022,548.31165,1307.370517,1877.836065
Nebraska,Natural sands,million ton-miles,2022,448.609403,1281.51101,864.592626
Nebraska,Coal-n.e.c.,million ton-miles,2022,372.774078,1270.391689,787.156302
Nevada,Gravel,million ton-miles,2022,1547.215657,7004.479502,7111.274998
Nevada,Nonmetal min. prods.,million ton-miles,2022,1054.404822,1767.041492,5041.8775
Nevada,Coal-n.e.c.,million ton-miles,2022,985.197168,1654.174553,2431.982295
Nevada,Natural sands,million ton-miles,2022,710.71795,1322.891157,1239.271613
Nevada,Nonmetallic minerals,million ton-miles,2022,171.024402,1229.317898,623.0359
Nevada,Waste/scrap,million ton-miles,2022,166.074531,914.106437,589.739652
Nevada,Other foodstuffs,million ton-miles,2022,94.517453,893.552015,547.736193
Nevada,Fuel oils,million ton-miles,2022,76.322547,868.88092,498.78295
Nevada,Animal feed,million ton-miles,2022,57.775662,785.486513,419.784283
Nevada,Chemical prods.,million ton-miles,2022,49.905687,744.321938,384.947873
New Hampshire,Fuel oils,million ton-miles,2022,286.535332,1479.546516,495.33365
New Hampshire,Gravel,million ton-miles,2022,279.852614,748.476541,455.824853
New Hampshire,Coal-n.e.c.,million ton-miles,2022,246.027728,484.342289,408.255934
New Hampshire,Natural sands,million ton-miles,2022,245.500129,471.521064,408.215854
New Hampshire,Logs,million ton-miles,2022,212.012035,402.609296,406.621131
New Hampshire,Nonmetal min. prods.,million ton-miles,2022,171.731261,332.456307,326.034831
New Hampshire,Nonmetallic minerals,million ton-miles,2022,78.652057,277.327547,285.762439
New Hampshire,Waste/scrap,million ton-miles,2022,59.982403,250.313334,285.201736
New Hampshire,Wood prods.,million ton-miles,2022,48.927451,244.446658,260.744083
New Hampshire,Other foodstuffs,million ton-miles,2022,48.497341,244.134382,158.402371
New Jersey,Gravel,million ton-miles,2022,1272.14506,9672.338092,22535.74184
New Jersey,Coal-n.e.c.,million ton-miles,2022,812.912668,5941.221858,5831.186569
New Jersey,Gasoline,million ton-miles,2022,774.831521,5906.750056,5802.718573
New Jersey,Nonmetal min. prods.,million ton-miles,2022,699.907704,5828.732813,4065.679373
New Jersey,Waste/scrap,million ton-miles,2022,625.302839,5694.934969,3838.081948
New Jersey,Natural sands,million ton-miles,2022,541.643232,3996.107571,3403.450031
New Jersey,Other foodstuffs,million ton-miles,2022,504.648847,3588.571509,2907.846583
New Jersey,Fuel oils,million ton-miles,2022,497.660405,3576.608562,2721.353898
New Jersey,Wood prods.,million ton-miles,2022,179.819988,3085.643991,2515.33005
New Jersey,Mixed freight,million ton-miles,2022,160.292346,2688.443488,2438.912779
New Mexico,Coal,million ton-miles,2022,1405.968595,8716.354324,20091.86291
New Mexico,Coal-n.e.c.,million ton-miles,2022,1308.247702,3959.611763,13602.77646
New Mexico,Gravel,million ton-miles,2022,1032.385342,1885.7928,3048.85719
New Mexico,Other foodstuffs,million ton-miles,2022,503.803208,1555.695195,2638.696562
New Mexico,Nonmetal min. prods.,million ton-miles,2022,481.603039,1182.840362,1912.95316
New Mexico,Fuel oils,million ton-miles,2022,322.925648,1050.153396,1008.835121
New Mexico,Mixed freight,million ton-miles,2022,234.832175,964.190383,720.355508
New Mexico,Waste/scrap,million ton-miles,2022,222.766,739.789953,534.906445
New Mexico,Gasoline,million ton-miles,2022,172.404373,628.227823,517.501507
New Mexico,Cereal grains,million ton-miles,2022,164.62649,559.818799,241.06535
New York,Coal-n.e.c.,million ton-miles,2022,8630.590241,21889.74441,13437.18238
New York,Gravel,million ton-miles,2022,4953.470834,11690.54653,10973.4571
New York,Waste/scrap,million ton-miles,2022,2986.761909,5553.848814,3716.608278
New York,Nonmetal min. prods.,million ton-miles,2022,2949.918197,4490.588638,3426.246741
New York,Other foodstuffs,million ton-miles,2022,1859.495469,3622.373771,3276.334752
New York,Nonmetallic minerals,million ton-miles,2022,1570.481468,3622.191149,3161.774627
New York,Mixed freight,million ton-miles,2022,1347.13573,3478.608172,2993.002346
New York,Gasoline,million ton-miles,2022,1302.138622,3439.790574,2555.550136
New York,Fuel oils,million ton-miles,2022,1042.379153,3059.433423,2406.299449
New York,Wood prods.,million ton-miles,2022,1018.209654,3050.918129,2273.866081
North Carolina,Gravel,million ton-miles,2022,3328.265272,7637.7068,4181.305145
North Carolina,Logs,million ton-miles,2022,3017.694451,7092.957299,3180.879805
North Carolina,Wood prods.,million ton-miles,2022,2184.049988,7082.140599,3081.01531
North Carolina,Nonmetal min. prods.,million ton-miles,2022,1841.016871,4793.208039,2946.254132
North Carolina,Cereal grains,million ton-miles,2022,1806.452877,4343.893454,2678.42806
North Carolina,Other ag prods.,million ton-miles,2022,1688.237602,4278.07059,2556.551185
North Carolina,Coal-n.e.c.,million ton-miles,2022,1687.038057,3235.510283,2454.027624
North Carolina,Animal feed,million ton-miles,2022,1127.048745,3122.54319,2387.650322
North Carolina,Waste/scrap,million ton-miles,2022,1089.939022,3025.547806,2257.337409
North Carolina,Natural sands,million ton-miles,2022,1070.096541,2769.342395,2199.209458
North Dakota,Cereal grains,million ton-miles,2022,6282.475983,7831.325368,220283.7185
North Dakota,Other ag prods.,million ton-miles,2022,3574.796447,6254.199673,17209.81172
North Dakota,Coal,million ton-miles,2022,3347.546375,5533.020387,12659.22928
North Dakota,Coal-n.e.c.,million ton-miles,2022,2296.049506,4279.827955,12406.7189
North Dakota,Crude petroleum,million ton-miles,2022,741.566589,3704.686963,10326.36393
North Dakota,Nonmetal min. prods.,million ton-miles,2022,691.949252,2231.803966,7103.591515
North Dakota,Gasoline,million ton-miles,2022,641.878481,1776.07809,5563.740567
North Dakota,Gravel,million ton-miles,2022,521.609826,1762.017609,5365.988423
North Dakota,Fuel oils,million ton-miles,2022,502.5327,1353.429623,3007.752003
North Dakota,Basic chemicals,million ton-miles,2022,344.504572,1139.106706,2526.472968
Ohio,Coal,million ton-miles,2022,6106.407007,19004.94645,19074.3962
Ohio,Gravel,million ton-miles,2022,4948.779182,14071.30299,11115.91241
Ohio,Nonmetallic minerals,million ton-miles,2022,3771.633009,13647.40222,8587.358561
Ohio,Cereal grains,million ton-miles,2022,3677.766533,12230.61461,6481.541545
Ohio,Coal-n.e.c.,million ton-miles,2022,3004.239033,9459.886049,5747.330302
Ohio,Gasoline,million ton-miles,2022,2887.756059,7739.315974,5656.519281
Ohio,Other ag prods.,million ton-miles,2022,1697.939503,7291.046861,5091.796731
Ohio,Nonmetal min. prods.,million ton-miles,2022,1647.2769,7272.190551,5022.647645
Ohio,Base metals,million ton-miles,2022,1393.530193,5727.433029,4454.35733
Ohio,Waste/scrap,million ton-miles,2022,1239.923574,4367.455273,3733.513298
Oklahoma,Gravel,million ton-miles,2022,2632.482103,19381.39452,15405.10882
Oklahoma,Coal-n.e.c.,million ton-miles,2022,2599.215593,8213.455791,10930.55459
Oklahoma,Nonmetal min. prods.,million ton-miles,2022,1093.177198,5335.196793,4202.054608
Oklahoma,Fuel oils,million ton-miles,2022,795.321578,5205.297374,3352.213914
Oklahoma,Cereal grains,million ton-miles,2022,687.78781,3783.444827,2851.033698
Oklahoma,Gasoline,million ton-miles,2022,591.888913,3516.648181,2764.185472
Oklahoma,Logs,million ton-miles,2022,403.48806,3267.162874,2661.251793
Oklahoma,Waste/scrap,million ton-miles,2022,389.041495,1937.399686,1279.598828
Oklahoma,Natural sands,million ton-miles,2022,330.9782,1849.759189,1194.965383
Oklahoma,Animal feed,million ton-miles,2022,309.200142,1671.800075,1140.075284
Oregon,Logs,million ton-miles,2022,4895.92428,8358.516497,13510.32104
Oregon,Gravel,million ton-miles,2022,3017.826062,7555.501064,9742.814453
Oregon,Wood prods.,million ton-miles,2022,1217.804562,4836.494248,2931.337861
Oregon,Nonmetal min. prods.,million ton-miles,2022,968.251965,3573.295883,2828.45714
Oregon,Coal-n.e.c.,million ton-miles,2022,879.821084,3040.7857,1937.657722
Oregon,Cereal grains,million ton-miles,2022,822.236351,2695.944763,1309.77937
Oregon,Other ag prods.,million ton-miles,2022,712.591192,2584.174775,1164.220709
Oregon,Waste/scrap,million ton-miles,2022,457.735358,2193.959128,1065.749098
Oregon,Other foodstuffs,million ton-miles,2022,447.797508,1710.791792,865.320282
Oregon,Fertilizers,million ton-miles,2022,405.827582,1705.032997,853.685773
Pennsylvania,Gravel,million ton-miles,2022,6032.622887,11511.72631,21717.58547
Pennsylvania,Coal-n.e.c.,million ton-miles,2022,4202.416748,7779.71157,9302.445564
Pennsylvania,Coal,million ton-miles,2022,2750.281681,7143.43987,8865.864522
Pennsylvania,Nonmetal min. prods.,million ton-miles,2022,1994.951452,6493.110848,5624.189235
Pennsylvania,Other foodstuffs,million ton-miles,2022,1675.319416,4768.933895,4690.380747
Pennsylvania,Waste/scrap,million ton-miles,2022,1429.511752,4700.214902,4629.979207
Pennsylvania,Nonmetallic minerals,million ton-miles,2022,1428.103715,4680.843015,4284.973768
Pennsylvania,Base metals,million ton-miles,2022,1246.264648,4579.630459,3922.035924
Pennsylvania,Logs,million ton-miles,2022,1137.980844,4560.750268,3523.116577
Pennsylvania,Mixed freight,million ton-miles,2022,1030.950723,3740.7923,3376.745212
Rhode Island,Gravel,million ton-miles,2022,89.682069,588.84987,668.025259
Rhode Island,Coal-n.e.c.,million ton-miles,2022,46.402994,309.726488,513.522793
Rhode Island,Nonmetal min. prods.,million ton-miles,2022,44.049224,211.653999,505.638104
Rhode Island,Waste/scrap,million ton-miles,2022,37.959684,158.431322,331.324079
Rhode Island,Gasoline,million ton-miles,2022,25.172003,158.248938,277.877217
Rhode Island,Other foodstuffs,million ton-miles,2022,13.315776,149.64201,240.695304
Rhode Island,Fuel oils,million ton-miles,2022,11.557327,149.608255,169.815116
Rhode Island,Natural sands,million ton-miles,2022,11.053117,125.549343,166.250885
Rhode Island,Nonmetallic minerals,million ton-miles,2022,6.932007,121.101685,164.215748
Rhode Island,Motorized vehicles,million ton-miles,2022,6.758954,113.959146,144.391374
South Carolina,Gravel,million ton-miles,2022,2544.171187,4887.815437,6055.49448
South Carolina,Logs,million ton-miles,2022,1966.828955,4285.400403,5565.445295
South Carolina,Nonmetal min. prods.,million ton-miles,2022,1115.321208,3137.738901,4453.189608
South Carolina,Waste/scrap,million ton-miles,2022,686.645028,2838.521983,3593.00334
South Carolina,Natural sands,million ton-miles,2022,679.079835,1981.647932,2742.468009
South Carolina,Coal-n.e.c.,million ton-miles,2022,648.079014,1917.243373,2338.370983
South Carolina,Mixed freight,million ton-miles,2022,607.031593,1601.572671,1621.266076
South Carolina,Wood prods.,million ton-miles,2022,487.093467,1589.125374,1586.388633
South Carolina,Plastics/rubber,million ton-miles,2022,352.176272,1439.775626,1456.599114
South Carolina,Basic chemicals,million ton-miles,2022,329.830249,1317.413381,1405.141074
South Dakota,Cereal grains,million ton-miles,2022,6117.998771,5171.038348,11461.3
South Dakota,Other ag prods.,million ton-miles,2022,1765.460913,986.25297,6640.925941
South Dakota,Animal feed,million ton-miles,2022,1334.27205,703.678321,4829.44277
South Dakota,Nonmetal min. prods.,million ton-miles,2022,805.61438,632.130559,4715.45108
South Dakota,Gravel,million ton-miles,2022,311.276659,495.524498,2944.377576
South Dakota,Other foodstuffs,million ton-miles,2022,272.392143,474.212212,1013.233242
South Dakota,Fuel oils,million ton-miles,2022,257.855277,436.703395,918.12552
South Dakota,Coal-n.e.c.,million ton-miles,2022,252.157378,414.147979,344.62042
South Dakota,Logs,million ton-miles,2022,223.42423,408.494265,332.897776
South Dakota,Live animals/fish,million ton-miles,2022,207.350628,391.2519,271.193868
Tennessee,Gravel,million ton-miles,2022,4498.292163,8317.894745,9756.287615
Tennessee,Nonmetal min. prods.,million ton-miles,2022,1226.100427,6403.067958,4924.10771
Tennessee,Coal-n.e.c.,million ton-miles,2022,1209.142519,4372.273488,4167.665194
Tennessee,Logs,million ton-miles,2022,1173.26054,4227.202939,3357.872806
Tennessee,Gasoline,million ton-miles,2022,1117.351035,4097.81782,3253.403115
Tennessee,Other ag prods.,million ton-miles,2022,801.484389,4051.853814,3216.279087
Tennessee,Cereal grains,million ton-miles,2022,780.04617,3221.161573,3049.498489
Tennessee,Natural sands,million ton-miles,2022,640.069113,3094.656288,2713.289259
Tennessee,Waste/scrap,million ton-miles,2022,604.270016,2836.772682,2614.222191
Tennessee,Basic chemicals,million ton-miles,2022,520.858163,2086.343798,2327.525859
Texas,Crude petroleum,million ton-miles,2022,67527.16395,82458.18255,96533.00022
Texas,Coal-n.e.c.,million ton-miles,2022,51396.74366,59471.36783,42815.24697
Texas,Fuel oils,million ton-miles,2022,45588.52187,38664.03509,40743.56553
Texas,Gasoline,million ton-miles,2022,38212.15398,35810.27047,30190.28079
Texas,Basic chemicals,million ton-miles,2022,16442.08755,29786.19589,22785.27748
Texas,Gravel,million ton-miles,2022,16209.12595,28527.09722,20480.66932
Texas,Cereal grains,million ton-miles,2022,14764.30357,22432.22328,18733.86028
Texas,Nonmetal min. prods.,million ton-miles,2022,12691.52675,18339.29072,11316.5645
Texas,Plastics/rubber,million ton-miles,2022,7330.270179,17468.72903,9931.980271
Texas,Other ag prods.,million ton-miles,2022,7066.160152,15753.32435,9345.316022
Utah,Coal-n.e.c.,million ton-miles,2022,1128.685588,8664.267757,9293.078221
Utah,Nonmetal min. prods.,million ton-miles,2022,955.564506,6580.277657,5801.146019
Utah,Coal,million ton-miles,2022,917.589663,3965.585012,5444.818136
Utah,Gravel,million ton-miles,2022,724.33505,2840.342724,4455.804453
Utah,Mixed freight,million ton-miles,2022,325.020277,2313.227475,2598.358026
Utah,Gasoline,million ton-miles,2022,277.610464,1863.767223,1812.700012
Utah,Other foodstuffs,million ton-miles,2022,203.580985,1640.653674,1385.645666
Utah,Animal feed,million ton-miles,2022,160.191298,1441.445967,1233.300615
Utah,Waste/scrap,million ton-miles,2022,159.923344,1268.353199,1225.211968
Utah,Wood prods.,million ton-miles,2022,159.024325,1151.605121,997.179432
Vermont,Logs,million ton-miles,2022,238.06626,615.319198,2746.682216
Vermont,Coal-n.e.c.,million ton-miles,2022,119.810335,492.724832,1331.846212
Vermont,Gravel,million ton-miles,2022,111.084798,371.971985,524.960352
Vermont,Nonmetallic minerals,million ton-miles,2022,76.604535,245.988651,439.180076
Vermont,Other foodstuffs,million ton-miles,2022,55.266325,225.277545,214.430343
Vermont,Animal feed,million ton-miles,2022,47.088635,156.623964,105.603056
Vermont,Fuel oils,million ton-miles,2022,44.392328,150.612339,100.560549
Vermont,Waste/scrap,million ton-miles,2022,38.254416,135.398909,98.377258
Vermont,Gasoline,million ton-miles,2022,30.871171,133.155979,97.970701
Vermont,Nonmetal min. prods.,million ton-miles,2022,25.940327,124.99396,95.153375
Virginia,Gravel,million ton-miles,2022,4732.148638,8860.005866,4387.765873
Virginia,Coal,million ton-miles,2022,3051.30035,4106.992569,2174.400022
Virginia,Coal-n.e.c.,million ton-miles,2022,2995.229546,3306.737831,2005.15211
Virginia,Nonmetal min. prods.,million ton-miles,2022,1697.823879,3218.632976,1954.668338
Virginia,Logs,million ton-miles,2022,1527.040112,2994.046555,1769.091802
Virginia,Wood prods.,million ton-miles,2022,1155.564301,2732.333945,1759.581851
Virginia,Waste/scrap,million ton-miles,2022,834.375412,2651.90206,1426.469876
Virginia,Other ag prods.,million ton-miles,2022,728.419525,2328.50917,1358.969988
Virginia,Animal feed,million ton-miles,2022,658.694294,2312.740407,1335.540308
Virginia,Milled grain prods.,million ton-miles,2022,577.50525,1767.689778,1283.794296
Washington,Cereal grains,million ton-miles,2022,6621.432146,44993.77363,11142.52704
Washington,Gravel,million ton-miles,2022,4357.197052,22145.10485,6111.587363
Washington,Logs,million ton-miles,2022,4315.419455,17590.07197,6071.115572
Washington,Coal-n.e.c.,million ton-miles,2022,3473.943498,11773.86646,5687.765943
Washington,Other ag prods.,million ton-miles,2022,3253.701232,9155.125282,4279.096062
Washington,Gasoline,million ton-miles,2022,1443.194967,7926.278361,2469.660137
Washington,Wood prods.,million ton-miles,2022,1422.56637,3228.608029,2377.833218
Washington,Other foodstuffs,million ton-miles,2022,1326.038138,3137.234046,2138.955686
Washington,Fuel oils,million ton-miles,2022,1267.552598,3024.286454,1705.510174
Washington,Crude petroleum,million ton-miles,2022,1244.760475,2979.098661,1541.477731
Washington DC,Nonmetal min. prods.,million ton-miles,2022,3.273174,91.163767,78.588941
Washington DC,Gravel,million ton-miles,2022,0.683633,83.848361,71.467855
Washington DC,Electronics,million ton-miles,2022,0.254791,69.125487,36.906888
Washington DC,Natural sands,million ton-miles,2022,0.236368,45.074158,31.05268
Washington DC,Alcoholic beverages,million ton-miles,2022,0.149671,43.531738,27.978753
Washington DC,Animal feed,million ton-miles,2022,0.123747,35.804786,23.124323
Washington DC,Mixed freight,million ton-miles,2022,0.104649,31.814894,16.042584
Washington DC,Nonmetallic minerals,million ton-miles,2022,0.072839,31.267651,5.033748
Washington DC,Wood prods.,million ton-miles,2022,0.052209,31.223616,3.366862
Washington DC,Articles-base metal,million ton-miles,2022,0.037389,30.249661,2.863938
West Virginia,Coal,million ton-miles,2022,4061.636634,4004.945818,31699.11628
West Virginia,Logs,million ton-miles,2022,1036.109746,3433.229228,8714.545501
West Virginia,Gravel,million ton-miles,2022,1001.64219,3362.963469,1272.288109
West Virginia,Gasoline,million ton-miles,2022,882.086214,2161.989162,1137.365763
West Virginia,Fuel oils,million ton-miles,2022,694.653634,1139.210288,1083.630624
West Virginia,Nonmetal min. prods.,million ton-miles,2022,401.198463,890.323118,1038.115273
West Virginia,Coal-n.e.c.,million ton-miles,2022,361.974182,847.18523,755.911334
West Virginia,Wood prods.,million ton-miles,2022,186.683959,709.914951,739.740992
West Virginia,Waste/scrap,million ton-miles,2022,149.729236,679.357938,468.86382
West Virginia,Other foodstuffs,million ton-miles,2022,57.95192,557.614116,391.794843
Wisconsin,Gravel,million ton-miles,2022,9033.720677,21841.82839,34306.01207
Wisconsin,Cereal grains,million ton-miles,2022,3137.661338,6343.136568,7897.553524
Wisconsin,Natural sands,million ton-miles,2022,2972.429005,5759.450581,4849.331961
Wisconsin,Other foodstuffs,million ton-miles,2022,2498.83315,4091.809467,3881.456221
Wisconsin,Nonmetal min. prods.,million ton-miles,2022,2233.443181,3064.395254,3876.637377
Wisconsin,Animal feed,million ton-miles,2022,1727.740006,2927.795024,2841.773017
Wisconsin,Logs,million ton-miles,2022,1725.147021,2034.716116,2705.518084
Wisconsin,Coal-n.e.c.,million ton-miles,2022,1561.188107,1949.735289,2543.000647
Wisconsin,Other ag prods.,million ton-miles,2022,1187.724614,1942.226962,2476.405402
Wisconsin,Gasoline,million ton-miles,2022,1175.421846,1908.896665,2027.431396
Wyoming,Coal,million ton-miles,2022,3820.989512,6051.388313,186653.7397
Wyoming,Coal-n.e.c.,million ton-miles,2022,1238.701974,3846.806097,26303.23688
Wyoming,Fuel oils,million ton-miles,2022,361.257321,1760.298687,16255.56954
Wyoming,Nonmetal min. prods.,million ton-miles,2022,310.892935,1347.994011,9688.548266
Wyoming,Basic chemicals,million ton-miles,2022,309.891014,791.571625,1893.20233
Wyoming,Gasoline,million ton-miles,2022,284.078917,611.196656,1274.975162
Wyoming,Gravel,million ton-miles,2022,255.354413,524.717604,539.290723
Wyoming,Logs,million ton-miles,2022,234.176444,429.409015,297.501764
Wyoming,Other ag prods.,million ton-miles,2022,179.740867,396.00584,265.502882
Wyoming,Waste/scrap,million ton-miles,2022,168.610367,335.019661,226.061644
