"State_FIPS","Type","County_FIPS","Unit_Identifier","Item_Code","Amount_in_thousands_of_dollars","Year","Imputation_Type","Item_Name"
"47","0","47000","227540","A44","          63","2020","R","Regular Highway Charges"
"47","0","47000","227540","A45","          42","2020","R","Toll Highway Charges"
"47","0","47000","227540","E01","       52334","2020","R","Air Trans Current Operation"
"47","0","47000","227540","E44","      562300","2020","R","Regular Highways-Current Oper"
"47","0","47000","227540","F01","          22","2020","R","Air Trans Construction"
"47","0","47000","227540","F44","     1219973","2020","R","Regular Highways-Construction"
"47","0","47000","227540","G01","         344","2020","R","Air Trans Other Capital Outlay"
"47","0","47000","227540","G44","       83093","2020","R","Regular Highways-Other Cap Out"
"47","0","47000","227540","M01","       20565","2020","R","Air Trans IG to Local NEC"
"47","0","47000","227540","M44","      172923","2020","R","Regular Highways-IG-Local Nec"
"47","1","47001","175659","E44","        4645","2020","I","Regular Highways-Current Oper"
"47","1","47003","191552","E44","        2259","2020","R","Regular Highways-Current Oper"
"47","1","47003","191552","F44","        1060","2020","R","Regular Highways-Construction"
"47","1","47003","191552","G44","         752","2020","R","Regular Highways-Other Cap Out"
"47","1","47005","113256","E01","         156","2020","I","Air Trans Current Operation"
"47","1","47005","113256","E44","        1081","2020","I","Regular Highways-Current Oper"
"47","1","47005","113256","F44","        4978","2020","I","Regular Highways-Construction"
"47","1","47007","134849","E44","        1900","2020","R","Regular Highways-Current Oper"
"47","1","47007","134849","F44","         952","2020","R","Regular Highways-Construction"
"47","1","47009","194929","E44","        6177","2020","I","Regular Highways-Current Oper"
"47","1","47009","194929","F44","         452","2020","I","Regular Highways-Construction"
"47","1","47009","194929","G44","        1590","2020","I","Regular Highways-Other Cap Out"
"47","1","47011","175660","E44","        4911","2020","I","Regular Highways-Current Oper"
"47","1","47011","175660","F44","        2896","2020","I","Regular Highways-Construction"
"47","1","47011","175660","G44","          15","2020","I","Regular Highways-Other Cap Out"
"47","1","47011","175660","M94","          42","2020","I","Transit Utilities-IG-Local Nec"
"47","1","47013","134850","A01","         125","2020","R","Air Transportation Charges"
"47","1","47013","134850","E01","          60","2020","R","Air Trans Current Operation"
"47","1","47013","134850","E44","        1200","2020","R","Regular Highways-Current Oper"
"47","1","47013","134850","F44","        2300","2020","R","Regular Highways-Construction"
"47","1","47013","134850","G44","         500","2020","R","Regular Highways-Other Cap Out"
"47","1","47015","175661","E44","        1039","2020","R","Regular Highways-Current Oper"
"47","1","47019","187542","E44","        3243","2020","R","Regular Highways-Current Oper"
"47","1","47019","187542","F44","        4095","2020","R","Regular Highways-Construction"
"47","1","47019","187542","G44","          12","2020","R","Regular Highways-Other Cap Out"
"47","1","47021","175663","E44","        3316","2020","I","Regular Highways-Current Oper"
"47","1","47025","134851","E44","        2375","2020","R","Regular Highways-Current Oper"
"47","1","47025","134851","F44","        1127","2020","R","Regular Highways-Construction"
"47","1","47025","134851","G44","         847","2020","R","Regular Highways-Other Cap Out"
"47","1","47027","184264","E44","        1645","2020","I","Regular Highways-Current Oper"
"47","1","47031","175666","E44","        3073","2020","R","Regular Highways-Current Oper"
"47","1","47031","175666","F44","         930","2020","R","Regular Highways-Construction"
"47","1","47031","175666","G44","         123","2020","R","Regular Highways-Other Cap Out"
"47","1","47035","134852","A44","           4","2020","I","Regular Highway Charges"
"47","1","47035","134852","E44","        2893","2020","I","Regular Highways-Current Oper"
"47","1","47035","134852","G44","         912","2020","I","Regular Highways-Other Cap Out"
"47","1","47043","175670","E01","          25","2020","R","Air Trans Current Operation"
"47","1","47043","175670","E44","        2777","2020","R","Regular Highways-Current Oper"
"47","1","47043","175670","G44","         240","2020","R","Regular Highways-Other Cap Out"
"47","1","47059","175674","A44","           6","2020","R","Regular Highway Charges"
"47","1","47059","175674","E44","        6664","2020","R","Regular Highways-Current Oper"
"47","1","47059","175674","F44","         735","2020","R","Regular Highways-Construction"
"47","1","47063","134854","E44","        2024","2020","R","Regular Highways-Current Oper"
"47","1","47063","134854","G44","        1105","2020","R","Regular Highways-Other Cap Out"
"47","1","47065","175675","E44","       23435","2020","R","Regular Highways-Current Oper"
"47","1","47065","175675","M94","         105","2020","R","Transit Utilities-IG-Local Nec"
"47","1","47069","134855","A01","          24","2020","R","Air Transportation Charges"
"47","1","47069","134855","E01","         106","2020","R","Air Trans Current Operation"
"47","1","47069","134855","E44","        2984","2020","R","Regular Highways-Current Oper"
"47","1","47071","175677","E01","          77","2020","R","Air Trans Current Operation"
"47","1","47071","175677","E44","        5262","2020","R","Regular Highways-Current Oper"
"47","1","47073","175678","A44","           5","2020","R","Regular Highway Charges"
"47","1","47073","175678","E01","          86","2020","R","Air Trans Current Operation"
"47","1","47073","175678","E44","        4505","2020","R","Regular Highways-Current Oper"
"47","1","47073","175678","F44","        1071","2020","R","Regular Highways-Construction"
"47","1","47077","191553","A01","          57","2020","I","Air Transportation Charges"
"47","1","47077","191553","A44","          66","2020","I","Regular Highway Charges"
"47","1","47077","191553","E01","         201","2020","I","Air Trans Current Operation"
"47","1","47077","191553","E44","        2397","2020","I","Regular Highways-Current Oper"
"47","1","47077","191553","F01","         123","2020","I","Air Trans Construction"
"47","1","47077","191553","G44","        1324","2020","I","Regular Highways-Other Cap Out"
"47","1","47079","175679","A01","          34","2020","I","Air Transportation Charges"
"47","1","47079","175679","E01","        1648","2020","I","Air Trans Current Operation"
"47","1","47079","175679","E44","        3825","2020","I","Regular Highways-Current Oper"
"47","1","47079","175679","F44","        2952","2020","I","Regular Highways-Construction"
"47","1","47079","175679","G01","          10","2020","I","Air Trans Other Capital Outlay"
"47","1","47079","175679","G44","          37","2020","I","Regular Highways-Other Cap Out"
"47","1","47081","194091","A44","           7","2020","I","Regular Highway Charges"
"47","1","47081","194091","E44","        2831","2020","I","Regular Highways-Current Oper"
"47","1","47081","194091","F44","        1215","2020","I","Regular Highways-Construction"
"47","1","47081","194091","G44","         774","2020","I","Regular Highways-Other Cap Out"
"47","1","47087","134856","A01","          24","2020","R","Air Transportation Charges"
"47","1","47087","134856","E01","          56","2020","R","Air Trans Current Operation"
"47","1","47087","134856","E44","        2600","2020","R","Regular Highways-Current Oper"
"47","1","47087","134856","M44","          24","2020","R","Regular Highways-IG-Local Nec"
"47","1","47089","113280","E44","        5017","2020","R","Regular Highways-Current Oper"
"47","1","47089","113280","G44","          40","2020","R","Regular Highways-Other Cap Out"
"47","1","47093","175683","E44","       17655","2020","R","Regular Highways-Current Oper"
"47","1","47093","175683","G44","        2978","2020","R","Regular Highways-Other Cap Out"
"47","1","47105","175686","A44","          20","2020","R","Regular Highway Charges"
"47","1","47105","175686","E44","        2553","2020","R","Regular Highways-Current Oper"
"47","1","47105","175686","F44","         500","2020","R","Regular Highways-Construction"
"47","1","47107","113285","E01","          49","2020","I","Air Trans Current Operation"
"47","1","47107","113285","E44","        3034","2020","I","Regular Highways-Current Oper"
"47","1","47107","113285","F44","        2442","2020","I","Regular Highways-Construction"
"47","1","47113","175687","E44","        3018","2020","R","Regular Highways-Current Oper"
"47","1","47113","175687","F44","         349","2020","R","Regular Highways-Construction"
"47","1","47115","140254","A01","          59","2020","I","Air Transportation Charges"
"47","1","47115","140254","A44","          68","2020","I","Regular Highway Charges"
"47","1","47115","140254","E01","         206","2020","I","Air Trans Current Operation"
"47","1","47115","140254","E44","        2465","2020","I","Regular Highways-Current Oper"
"47","1","47115","140254","F01","         126","2020","I","Air Trans Construction"
"47","1","47115","140254","G44","        1361","2020","I","Regular Highways-Other Cap Out"
"47","1","47117","175688","A44","          11","2020","I","Regular Highway Charges"
"47","1","47117","175688","E44","        3166","2020","I","Regular Highways-Current Oper"
"47","1","47117","175688","F44","         798","2020","I","Regular Highways-Construction"
"47","1","47117","175688","G44","         436","2020","I","Regular Highways-Other Cap Out"
"47","1","47119","113288","E01","          51","2020","R","Air Trans Current Operation"
"47","1","47119","113288","E44","        4594","2020","R","Regular Highways-Current Oper"
"47","1","47119","113288","F44","        2199","2020","R","Regular Highways-Construction"
"47","1","47119","113288","G44","         957","2020","R","Regular Highways-Other Cap Out"
"47","1","47123","202583","A01","         266","2020","I","Air Transportation Charges"
"47","1","47123","202583","A44","         252","2020","I","Regular Highway Charges"
"47","1","47123","202583","E01","         520","2020","I","Air Trans Current Operation"
"47","1","47123","202583","E44","        3601","2020","I","Regular Highways-Current Oper"
"47","1","47123","202583","F44","        3299","2020","I","Regular Highways-Construction"
"47","1","47125","175689","E01","         276","2020","I","Air Trans Current Operation"
"47","1","47125","175689","E44","        7191","2020","I","Regular Highways-Current Oper"
"47","1","47125","175689","F44","        1647","2020","I","Regular Highways-Construction"
"47","1","47125","175689","G44","         170","2020","I","Regular Highways-Other Cap Out"
"47","1","47129","175690","E44","        2824","2020","I","Regular Highways-Current Oper"
"47","1","47131","175691","E44","        4600","2020","R","Regular Highways-Current Oper"
"47","1","47141","194093","E01","          28","2020","I","Air Trans Current Operation"
"47","1","47141","194093","E44","        3227","2020","I","Regular Highways-Current Oper"
"47","1","47141","194093","G44","         961","2020","I","Regular Highways-Other Cap Out"
"47","1","47145","175695","E44","        1047","2020","R","Regular Highways-Current Oper"
"47","1","47145","175695","F44","        1203","2020","R","Regular Highways-Construction"
"47","1","47145","175695","G44","          86","2020","R","Regular Highways-Other Cap Out"
"47","1","47147","202585","A44","          71","2020","R","Regular Highway Charges"
"47","1","47147","202585","E44","        3658","2020","R","Regular Highways-Current Oper"
"47","1","47147","202585","F44","        1152","2020","R","Regular Highways-Construction"
"47","1","47149","134861","E44","        9704","2020","R","Regular Highways-Current Oper"
"47","1","47149","134861","F44","          46","2020","R","Regular Highways-Construction"
"47","1","47149","134861","G44","         669","2020","R","Regular Highways-Other Cap Out"
"47","1","47155","113299","E44","        9967","2020","I","Regular Highways-Current Oper"
"47","1","47155","113299","G44","        1043","2020","I","Regular Highways-Other Cap Out"
"47","1","47157","175697","A44","         515","2020","R","Regular Highway Charges"
"47","1","47157","175697","E44","        8871","2020","R","Regular Highways-Current Oper"
"47","1","47157","175697","G44","       11680","2020","R","Regular Highways-Other Cap Out"
"47","1","47159","175698","E44","        2375","2020","R","Regular Highways-Current Oper"
"47","1","47159","175698","G44","         153","2020","R","Regular Highways-Other Cap Out"
"47","1","47163","175699","E44","        8632","2020","R","Regular Highways-Current Oper"
"47","1","47163","175699","F44","        1983","2020","R","Regular Highways-Construction"
"47","1","47163","175699","G44","          76","2020","R","Regular Highways-Other Cap Out"
"47","1","47165","175700","E44","       73139","2020","R","Regular Highways-Current Oper"
"47","1","47165","175700","G44","         575","2020","R","Regular Highways-Other Cap Out"
"47","1","47179","184262","E44","        8441","2020","I","Regular Highways-Current Oper"
"47","1","47183","175702","E44","        4057","2020","I","Regular Highways-Current Oper"
"47","1","47183","175702","G44","        1022","2020","I","Regular Highways-Other Cap Out"
"47","1","47187","175704","E44","       10230","2020","R","Regular Highways-Current Oper"
"47","1","47187","175704","F44","        2613","2020","R","Regular Highways-Construction"
"47","1","47187","175704","G44","         740","2020","R","Regular Highways-Other Cap Out"
"47","1","47189","205403","E44","        6950","2020","I","Regular Highways-Current Oper"
"47","1","47189","205403","F44","        4904","2020","I","Regular Highways-Construction"
"47","1","47189","205403","G44","         447","2020","I","Regular Highways-Other Cap Out"
"47","2","47001","134866","E44","        3163","2020","I","Regular Highways-Current Oper"
"47","2","47001","134866","E94","         226","2020","I","Transit Utilities-Current Op"
"47","2","47001","187568","E44","        1729","2020","I","Regular Highways-Current Oper"
"47","2","47001","187568","F44","         162","2020","I","Regular Highways-Construction"
"47","2","47001","187568","G44","         521","2020","I","Regular Highways-Other Cap Out"
"47","2","47003","184267","A44","          31","2020","R","Regular Highway Charges"
"47","2","47003","184267","E01","         582","2020","R","Air Trans Current Operation"
"47","2","47003","184267","E44","        1802","2020","R","Regular Highways-Current Oper"
"47","2","47003","184267","F01","        2967","2020","R","Air Trans Construction"
"47","2","47003","184267","F44","         272","2020","R","Regular Highways-Construction"
"47","2","47003","184267","G44","         386","2020","R","Regular Highways-Other Cap Out"
"47","2","47009","134867","E44","         110","2020","I","Regular Highways-Current Oper"
"47","2","47009","175711","E44","        2642","2020","I","Regular Highways-Current Oper"
"47","2","47009","175711","F44","        2018","2020","I","Regular Highways-Construction"
"47","2","47009","175712","A44","         120","2020","R","Regular Highway Charges"
"47","2","47009","175712","E44","        5037","2020","R","Regular Highways-Current Oper"
"47","2","47011","113314","A01","         233","2020","R","Air Transportation Charges"
"47","2","47011","113314","E01","         224","2020","R","Air Trans Current Operation"
"47","2","47011","113314","E44","        4143","2020","R","Regular Highways-Current Oper"
"47","2","47011","113314","E94","         941","2020","R","Transit Utilities-Current Op"
"47","2","47011","113314","G01","         159","2020","R","Air Trans Other Capital Outlay"
"47","2","47011","113314","G44","        4462","2020","R","Regular Highways-Other Cap Out"
"47","2","47013","134869","E44","         243","2020","R","Regular Highways-Current Oper"
"47","2","47013","175715","E44","         870","2020","I","Regular Highways-Current Oper"
"47","2","47013","175715","G44","         605","2020","I","Regular Highways-Other Cap Out"
"47","2","47017","113317","E44","         267","2020","R","Regular Highways-Current Oper"
"47","2","47017","113317","F44","         119","2020","R","Regular Highways-Construction"
"47","2","47019","175721","E01","         145","2020","R","Air Trans Current Operation"
"47","2","47019","175721","E44","        2180","2020","R","Regular Highways-Current Oper"
"47","2","47019","175721","F44","         109","2020","R","Regular Highways-Construction"
"47","2","47019","175721","G44","         152","2020","R","Regular Highways-Other Cap Out"
"47","2","47029","134874","E44","        1255","2020","R","Regular Highways-Current Oper"
"47","2","47029","134874","F44","         197","2020","R","Regular Highways-Construction"
"47","2","47029","134874","G44","         218","2020","R","Regular Highways-Other Cap Out"
"47","2","47031","175724","E44","        1882","2020","R","Regular Highways-Current Oper"
"47","2","47031","175724","M44","          47","2020","R","Regular Highways-IG-Local Nec"
"47","2","47031","209502","E44","        1607","2020","R","Regular Highways-Current Oper"
"47","2","47031","209502","F44","         167","2020","R","Regular Highways-Construction"
"47","2","47031","209502","M01","         143","2020","R","Air Trans IG to Local NEC"
"47","2","47033","175725","E44","          44","2020","I","Regular Highways-Current Oper"
"47","2","47033","175725","F44","         180","2020","I","Regular Highways-Construction"
"47","2","47035","175727","A01","         116","2020","R","Air Transportation Charges"
"47","2","47035","175727","E01","         127","2020","R","Air Trans Current Operation"
"47","2","47035","175727","E44","        1011","2020","R","Regular Highways-Current Oper"
"47","2","47035","175727","F44","         375","2020","R","Regular Highways-Construction"
"47","2","47035","175727","G01","         371","2020","R","Air Trans Other Capital Outlay"
"47","2","47035","175727","G44","         204","2020","R","Regular Highways-Other Cap Out"
"47","2","47037","113324","E44","        1297","2020","R","Regular Highways-Current Oper"
"47","2","47037","113324","F44","         468","2020","R","Regular Highways-Construction"
"47","2","47037","113324","G44","          94","2020","R","Regular Highways-Other Cap Out"
"47","2","47037","175728","A94","       13334","2020","R","Transit Utilities Revenue"
"47","2","47037","175728","E44","       39202","2020","R","Regular Highways-Current Oper"
"47","2","47037","175728","E94","       93237","2020","R","Transit Utilities-Current Op"
"47","2","47037","175728","F44","       64714","2020","R","Regular Highways-Construction"
"47","2","47037","175728","G44","         732","2020","R","Regular Highways-Other Cap Out"
"47","2","47037","209503","E44","         656","2020","R","Regular Highways-Current Oper"
"47","2","47037","209503","F44","           8","2020","R","Regular Highways-Construction"
"47","2","47037","209503","G44","         580","2020","R","Regular Highways-Other Cap Out"
"47","2","47039","209505","E44","          47","2020","I","Regular Highways-Current Oper"
"47","2","47041","194097","A01","         108","2020","I","Air Transportation Charges"
"47","2","47041","194097","E01","          87","2020","I","Air Trans Current Operation"
"47","2","47041","194097","E44","         283","2020","I","Regular Highways-Current Oper"
"47","2","47041","194097","G01","         380","2020","I","Air Trans Other Capital Outlay"
"47","2","47043","175732","E44","          52","2020","I","Regular Highways-Current Oper"
"47","2","47043","175733","E44","        4633","2020","R","Regular Highways-Current Oper"
"47","2","47043","175733","G44","        1309","2020","R","Regular Highways-Other Cap Out"
"47","2","47043","175733","M01","          55","2020","R","Air Trans IG to Local NEC"
"47","2","47045","113327","E01","         492","2020","R","Air Trans Current Operation"
"47","2","47045","113327","E44","        2856","2020","R","Regular Highways-Current Oper"
"47","2","47045","113327","G01","         169","2020","R","Air Trans Other Capital Outlay"
"47","2","47045","113327","G44","          94","2020","R","Regular Highways-Other Cap Out"
"47","2","47045","175735","E44","         312","2020","R","Regular Highways-Current Oper"
"47","2","47047","194098","E44","          33","2020","R","Regular Highways-Current Oper"
"47","2","47047","194098","F44","           6","2020","R","Regular Highways-Construction"
"47","2","47051","175744","A01","         586","2020","I","Air Transportation Charges"
"47","2","47051","175744","E01","         894","2020","I","Air Trans Current Operation"
"47","2","47051","175744","G01","          82","2020","I","Air Trans Other Capital Outlay"
"47","2","47053","134886","E44","         942","2020","I","Regular Highways-Current Oper"
"47","2","47053","134886","G44","          34","2020","I","Regular Highways-Other Cap Out"
"47","2","47053","175746","E44","        2215","2020","I","Regular Highways-Current Oper"
"47","2","47053","175746","F44","         436","2020","I","Regular Highways-Construction"
"47","2","47053","175748","E44","         113","2020","R","Regular Highways-Current Oper"
"47","2","47053","175748","F44","         220","2020","R","Regular Highways-Construction"
"47","2","47053","175748","G44","          28","2020","R","Regular Highways-Other Cap Out"
"47","2","47059","225097","E44","         290","2020","R","Regular Highways-Current Oper"
"47","2","47059","225097","E45","        1510","2020","R","Toll Highways-Current Oper"
"47","2","47059","225097","F45","          44","2020","R","Toll Highways-Construction"
"47","2","47059","225097","G45","          14","2020","R","Toll Highways-Other Cap Outlay"
"47","2","47063","175759","A01","         197","2020","R","Air Transportation Charges"
"47","2","47063","175759","E01","         462","2020","R","Air Trans Current Operation"
"47","2","47063","175759","E44","        6651","2020","R","Regular Highways-Current Oper"
"47","2","47065","175760","E44","         949","2020","I","Regular Highways-Current Oper"
"47","2","47065","175760","G44","         712","2020","I","Regular Highways-Other Cap Out"
"47","2","47065","175762","E44","        1372","2020","R","Regular Highways-Current Oper"
"47","2","47065","175762","G44","         275","2020","R","Regular Highways-Other Cap Out"
"47","2","47065","191559","A01","       24492","2020","R","Air Transportation Charges"
"47","2","47065","191559","A94","       25514","2020","R","Transit Utilities Revenue"
"47","2","47065","191559","E01","       23416","2020","R","Air Trans Current Operation"
"47","2","47065","191559","E44","       14403","2020","R","Regular Highways-Current Oper"
"47","2","47065","191559","E94","       55779","2020","R","Transit Utilities-Current Op"
"47","2","47065","191559","G94","        6329","2020","R","Transit Utilities-Other Cap Out"
"47","2","47073","175767","E44","         999","2020","R","Regular Highways-Current Oper"
"47","2","47073","175767","G44","         162","2020","R","Regular Highways-Other Cap Out"
"47","2","47075","205406","E44","         482","2020","R","Regular Highways-Current Oper"
"47","2","47075","205406","F44","         116","2020","R","Regular Highways-Construction"
"47","2","47075","205406","G44","          11","2020","R","Regular Highways-Other Cap Out"
"47","2","47077","202591","A44","          26","2020","I","Regular Highway Charges"
"47","2","47077","202591","E01","          41","2020","I","Air Trans Current Operation"
"47","2","47077","202591","E44","        1262","2020","I","Regular Highways-Current Oper"
"47","2","47077","202591","G44","          42","2020","I","Regular Highways-Other Cap Out"
"47","2","47079","134896","E44","        2226","2020","R","Regular Highways-Current Oper"
"47","2","47079","134896","G44","         164","2020","R","Regular Highways-Other Cap Out"
"47","2","47079","175773","E44","         157","2020","I","Regular Highways-Current Oper"
"47","2","47081","175774","A01","          48","2020","I","Air Transportation Charges"
"47","2","47081","175774","E01","         118","2020","I","Air Trans Current Operation"
"47","2","47081","175774","E44","         111","2020","I","Regular Highways-Current Oper"
"47","2","47081","175774","G01","          48","2020","I","Air Trans Other Capital Outlay"
"47","2","47081","175774","G44","         244","2020","I","Regular Highways-Other Cap Out"
"47","2","47085","134897","E44","         325","2020","I","Regular Highways-Current Oper"
"47","2","47085","134897","G44","         429","2020","I","Regular Highways-Other Cap Out"
"47","2","47085","175776","E44","          80","2020","R","Regular Highways-Current Oper"
"47","2","47085","175776","G44","           3","2020","R","Regular Highways-Other Cap Out"
"47","2","47089","175777","E44","         172","2020","I","Regular Highways-Current Oper"
"47","2","47089","175777","G44","          37","2020","I","Regular Highways-Other Cap Out"
"47","2","47089","175778","A44","         111","2020","R","Regular Highway Charges"
"47","2","47089","175778","E44","         847","2020","R","Regular Highways-Current Oper"
"47","2","47089","175778","F44","        1466","2020","R","Regular Highways-Construction"
"47","2","47089","175778","G44","         183","2020","R","Regular Highways-Other Cap Out"
"47","2","47093","175780","A94","        1651","2020","R","Transit Utilities Revenue"
"47","2","47093","175780","E44","        9049","2020","R","Regular Highways-Current Oper"
"47","2","47093","175780","E94","       30038","2020","R","Transit Utilities-Current Op"
"47","2","47097","209511","E44","        1031","2020","I","Regular Highways-Current Oper"
"47","2","47097","209511","F44","         972","2020","I","Regular Highways-Construction"
"47","2","47099","191561","E44","        2445","2020","R","Regular Highways-Current Oper"
"47","2","47099","191561","F44","         135","2020","R","Regular Highways-Construction"
"47","2","47103","209512","E01","          40","2020","R","Air Trans Current Operation"
"47","2","47103","209512","E44","        1528","2020","R","Regular Highways-Current Oper"
"47","2","47103","209512","F44","           9","2020","R","Regular Highways-Construction"
"47","2","47103","209512","G44","         185","2020","R","Regular Highways-Other Cap Out"
"47","2","47105","134899","E44","        1383","2020","R","Regular Highways-Current Oper"
"47","2","47105","134899","F44","        1789","2020","R","Regular Highways-Construction"
"47","2","47105","134899","G44","         484","2020","R","Regular Highways-Other Cap Out"
"47","2","47105","134900","A44","          11","2020","I","Regular Highway Charges"
"47","2","47105","134900","E44","         786","2020","I","Regular Highways-Current Oper"
"47","2","47107","113349","E44","        1796","2020","I","Regular Highways-Current Oper"
"47","2","47107","113349","F44","         323","2020","I","Regular Highways-Construction"
"47","2","47111","209516","E44","         108","2020","R","Regular Highways-Current Oper"
"47","2","47111","209516","F01","         632","2020","R","Air Trans Construction"
"47","2","47113","209517","E44","        6365","2020","R","Regular Highways-Current Oper"
"47","2","47113","209517","G44","        5273","2020","R","Regular Highways-Other Cap Out"
"47","2","47113","209517","M01","         165","2020","R","Air Trans IG to Local NEC"
"47","2","47113","209517","M94","        3405","2020","R","Transit Utilities-IG-Local Nec"
"47","2","47115","113356","E44","         427","2020","I","Regular Highways-Current Oper"
"47","2","47115","113356","G44","          15","2020","I","Regular Highways-Other Cap Out"
"47","2","47115","134904","E44","          42","2020","R","Regular Highways-Current Oper"
"47","2","47115","175797","E44","         161","2020","R","Regular Highways-Current Oper"
"47","2","47115","175797","F44","         124","2020","R","Regular Highways-Construction"
"47","2","47117","175800","A01","         282","2020","I","Air Transportation Charges"
"47","2","47117","175800","E01","         335","2020","I","Air Trans Current Operation"
"47","2","47119","191563","A44","          21","2020","R","Regular Highway Charges"
"47","2","47119","191563","E44","        2646","2020","R","Regular Highways-Current Oper"
"47","2","47119","191563","F44","        2790","2020","R","Regular Highways-Construction"
"47","2","47119","191563","G44","         138","2020","R","Regular Highways-Other Cap Out"
"47","2","47119","194104","E44","        5522","2020","R","Regular Highways-Current Oper"
"47","2","47119","225848","E01","           5","2020","I","Air Trans Current Operation"
"47","2","47119","225848","E44","         269","2020","I","Regular Highways-Current Oper"
"47","2","47119","225848","G44","          36","2020","I","Regular Highways-Other Cap Out"
"47","2","47123","134906","E44","         773","2020","R","Regular Highways-Current Oper"
"47","2","47123","134906","G44","          65","2020","R","Regular Highways-Other Cap Out"
"47","2","47125","184266","A94","         698","2020","R","Transit Utilities Revenue"
"47","2","47125","184266","E44","       13089","2020","R","Regular Highways-Current Oper"
"47","2","47125","184266","E94","        7921","2020","R","Transit Utilities-Current Op"
"47","2","47125","184266","G44","         978","2020","R","Regular Highways-Other Cap Out"
"47","2","47127","175805","E44","         644","2020","I","Regular Highways-Current Oper"
"47","2","47127","175805","F44","         136","2020","I","Regular Highways-Construction"
"47","2","47127","175805","G44","          15","2020","I","Regular Highways-Other Cap Out"
"47","2","47133","194106","E01","         515","2020","R","Air Trans Current Operation"
"47","2","47141","113364","A44","          18","2020","R","Regular Highway Charges"
"47","2","47141","113364","E44","        5006","2020","R","Regular Highways-Current Oper"
"47","2","47141","113364","G44","          90","2020","R","Regular Highways-Other Cap Out"
"47","2","47141","134912","E44","         230","2020","R","Regular Highways-Current Oper"
"47","2","47143","175815","A01","         170","2020","R","Air Transportation Charges"
"47","2","47143","175815","E01","         198","2020","R","Air Trans Current Operation"
"47","2","47143","175815","E44","         942","2020","R","Regular Highways-Current Oper"
"47","2","47143","175815","F01","          56","2020","R","Air Trans Construction"
"47","2","47143","175815","F44","         117","2020","R","Regular Highways-Construction"
"47","2","47145","175817","A44","           1","2020","I","Regular Highway Charges"
"47","2","47145","175817","E44","        1030","2020","I","Regular Highways-Current Oper"
"47","2","47145","175817","G44","          18","2020","I","Regular Highways-Other Cap Out"
"47","2","47145","202593","A44","          14","2020","I","Regular Highway Charges"
"47","2","47145","202593","E44","         283","2020","I","Regular Highways-Current Oper"
"47","2","47145","202593","G44","         122","2020","I","Regular Highways-Other Cap Out"
"47","2","47147","134914","E44","         348","2020","R","Regular Highways-Current Oper"
"47","2","47147","134915","E44","         118","2020","R","Regular Highways-Current Oper"
"47","2","47147","134915","F44","          37","2020","R","Regular Highways-Construction"
"47","2","47147","134915","G44","          42","2020","R","Regular Highways-Other Cap Out"
"47","2","47147","175820","E44","        1949","2020","I","Regular Highways-Current Oper"
"47","2","47147","175820","G44","        1138","2020","I","Regular Highways-Other Cap Out"
"47","2","47149","209519","A01","        2034","2020","R","Air Transportation Charges"
"47","2","47149","209519","A94","          78","2020","R","Transit Utilities Revenue"
"47","2","47149","209519","E01","        1794","2020","R","Air Trans Current Operation"
"47","2","47149","209519","E44","        9846","2020","R","Regular Highways-Current Oper"
"47","2","47149","209519","E94","        2817","2020","R","Transit Utilities-Current Op"
"47","2","47149","209519","F01","        3541","2020","R","Air Trans Construction"
"47","2","47149","209519","F44","        3676","2020","R","Regular Highways-Construction"
"47","2","47149","209519","F94","          56","2020","R","Transit Utilities-Construction"
"47","2","47149","209519","G01","          24","2020","R","Air Trans Other Capital Outlay"
"47","2","47149","209519","G44","         694","2020","R","Regular Highways-Other Cap Out"
"47","2","47149","209519","G94","         250","2020","R","Transit Utilities-Other Cap Out"
"47","2","47149","211260","E44","         840","2020","R","Regular Highways-Current Oper"
"47","2","47149","211260","F44","       11789","2020","R","Regular Highways-Construction"
"47","2","47149","211260","G44","         233","2020","R","Regular Highways-Other Cap Out"
"47","2","47151","134917","E44","         807","2020","R","Regular Highways-Current Oper"
"47","2","47155","134918","A94","         461","2020","R","Transit Utilities Revenue"
"47","2","47155","134918","E44","        4255","2020","R","Regular Highways-Current Oper"
"47","2","47155","134918","E94","        2911","2020","R","Transit Utilities-Current Op"
"47","2","47155","134918","F44","         380","2020","R","Regular Highways-Construction"
"47","2","47155","134918","G44","         562","2020","R","Regular Highways-Other Cap Out"
"47","2","47155","134918","G94","        1634","2020","R","Transit Utilities-Other Cap Out"
"47","2","47155","175824","E44","        3795","2020","R","Regular Highways-Current Oper"
"47","2","47155","175824","F44","          56","2020","R","Regular Highways-Construction"
"47","2","47155","175824","G44","         587","2020","R","Regular Highways-Other Cap Out"
"47","2","47155","209520","A94","         415","2020","I","Transit Utilities Revenue"
"47","2","47155","209520","E44","        1016","2020","I","Regular Highways-Current Oper"
"47","2","47155","209520","E94","        1486","2020","I","Transit Utilities-Current Op"
"47","2","47155","209520","F01","          31","2020","I","Air Trans Construction"
"47","2","47155","209520","F44","        1135","2020","I","Regular Highways-Construction"
"47","2","47155","209520","G44","        1288","2020","I","Regular Highways-Other Cap Out"
"47","2","47157","113372","E44","        5167","2020","R","Regular Highways-Current Oper"
"47","2","47157","113372","F44","        2503","2020","R","Regular Highways-Construction"
"47","2","47157","113372","G44","          28","2020","R","Regular Highways-Other Cap Out"
"47","2","47157","134919","E44","        6459","2020","R","Regular Highways-Current Oper"
"47","2","47157","134919","F44","        7025","2020","R","Regular Highways-Construction"
"47","2","47157","134919","G44","         609","2020","R","Regular Highways-Other Cap Out"
"47","2","47157","175825","E44","        2284","2020","R","Regular Highways-Current Oper"
"47","2","47157","175825","F44","        5135","2020","R","Regular Highways-Construction"
"47","2","47157","175826","A44","         711","2020","R","Regular Highway Charges"
"47","2","47157","175826","A87","        2192","2020","R","Water Trans & Terminal Charges"
"47","2","47157","175826","A94","        5500","2020","R","Transit Utilities Revenue"
"47","2","47157","175826","E44","       38379","2020","R","Regular Highways-Current Oper"
"47","2","47157","175826","E87","        1146","2020","R","Water Transport-Current Oper"
"47","2","47157","175826","E94","       58806","2020","R","Transit Utilities-Current Op"
"47","2","47157","175826","F44","       52448","2020","R","Regular Highways-Construction"
"47","2","47157","175826","F94","        8242","2020","R","Transit Utilities-Construction"
"47","2","47157","175826","G44","         124","2020","R","Regular Highways-Other Cap Out"
"47","2","47157","175826","G87","         112","2020","R","Water Transport-Other Cap Out"
"47","2","47157","175826","G94","        1605","2020","R","Transit Utilities-Other Cap Out"
"47","2","47157","205413","E44","         376","2020","I","Regular Highways-Current Oper"
"47","2","47157","205413","F44","        2354","2020","I","Regular Highways-Construction"
"47","2","47157","205413","G01","         102","2020","I","Air Trans Other Capital Outlay"
"47","2","47157","205413","G44","           6","2020","I","Regular Highways-Other Cap Out"
"47","2","47163","175827","A94","          18","2020","I","Transit Utilities Revenue"
"47","2","47163","175827","E44","        3525","2020","I","Regular Highways-Current Oper"
"47","2","47163","175827","E94","        1025","2020","I","Transit Utilities-Current Op"
"47","2","47163","175827","G44","         482","2020","I","Regular Highways-Other Cap Out"
"47","2","47163","175827","G94","         163","2020","I","Transit Utilities-Other Cap Out"
"47","2","47163","175828","A44","         308","2020","R","Regular Highway Charges"
"47","2","47163","175828","A94","         116","2020","R","Transit Utilities Revenue"
"47","2","47163","175828","E44","        6241","2020","R","Regular Highways-Current Oper"
"47","2","47163","175828","E94","        2593","2020","R","Transit Utilities-Current Op"
"47","2","47163","175828","G44","          30","2020","R","Regular Highways-Other Cap Out"
"47","2","47165","113376","A01","         259","2020","R","Air Transportation Charges"
"47","2","47165","113376","E01","         319","2020","R","Air Trans Current Operation"
"47","2","47165","113376","E44","        1030","2020","R","Regular Highways-Current Oper"
"47","2","47165","113376","F01","         476","2020","R","Air Trans Construction"
"47","2","47165","113376","F44","         714","2020","R","Regular Highways-Construction"
"47","2","47165","113376","G44","          18","2020","R","Regular Highways-Other Cap Out"
"47","2","47165","134921","E44","          81","2020","I","Regular Highways-Current Oper"
"47","2","47165","134921","G44","         206","2020","I","Regular Highways-Other Cap Out"
"47","2","47165","175829","E44","        2809","2020","R","Regular Highways-Current Oper"
"47","2","47165","175829","F44","       11283","2020","R","Regular Highways-Construction"
"47","2","47165","175829","G44","          91","2020","R","Regular Highways-Other Cap Out"
"47","2","47165","175831","E44","         499","2020","R","Regular Highways-Current Oper"
"47","2","47165","175831","F44","        1698","2020","R","Regular Highways-Construction"
"47","2","47165","175831","G44","          26","2020","R","Regular Highways-Other Cap Out"
"47","2","47165","209525","E44","        5451","2020","I","Regular Highways-Current Oper"
"47","2","47165","209525","F44","         573","2020","I","Regular Highways-Construction"
"47","2","47165","209525","G44","         154","2020","I","Regular Highways-Other Cap Out"
"47","2","47167","175832","E01","           2","2020","I","Air Trans Current Operation"
"47","2","47167","175832","E44","         468","2020","I","Regular Highways-Current Oper"
"47","2","47167","209526","E44","         123","2020","R","Regular Highways-Current Oper"
"47","2","47167","209526","F44","         502","2020","R","Regular Highways-Construction"
"47","2","47169","175834","E44","         847","2020","I","Regular Highways-Current Oper"
"47","2","47173","134924","E44","         191","2020","R","Regular Highways-Current Oper"
"47","2","47177","175838","E44","        1163","2020","R","Regular Highways-Current Oper"
"47","2","47177","175838","G44","         346","2020","R","Regular Highways-Other Cap Out"
"47","2","47179","175839","A94","         448","2020","R","Transit Utilities Revenue"
"47","2","47179","175839","E44","       11692","2020","R","Regular Highways-Current Oper"
"47","2","47179","175839","E94","        3735","2020","R","Transit Utilities-Current Op"
"47","2","47179","175840","E44","         809","2020","I","Regular Highways-Current Oper"
"47","2","47185","202596","E01","          53","2020","R","Air Trans Current Operation"
"47","2","47185","202596","E44","         752","2020","R","Regular Highways-Current Oper"
"47","2","47187","175844","A94","          63","2020","R","Transit Utilities Revenue"
"47","2","47187","175844","E44","       15027","2020","R","Regular Highways-Current Oper"
"47","2","47187","175844","E94","        2446","2020","R","Transit Utilities-Current Op"
"47","2","47187","175844","F44","        7159","2020","R","Regular Highways-Construction"
"47","2","47187","175844","G44","         323","2020","R","Regular Highways-Other Cap Out"
"47","2","47187","175844","G94","         165","2020","R","Transit Utilities-Other Cap Out"
"47","2","47187","175847","E44","        7737","2020","R","Regular Highways-Current Oper"
"47","2","47189","113382","A01","          19","2020","R","Air Transportation Charges"
"47","2","47189","113382","A44","          42","2020","R","Regular Highway Charges"
"47","2","47189","113382","E01","         326","2020","R","Air Trans Current Operation"
"47","2","47189","113382","E44","        2089","2020","R","Regular Highways-Current Oper"
"47","2","47189","113382","F01","        1005","2020","R","Air Trans Construction"
"47","2","47189","113382","F44","        4738","2020","R","Regular Highways-Construction"
"47","2","47189","113382","G01","          34","2020","R","Air Trans Other Capital Outlay"
"47","2","47189","113382","G44","         252","2020","R","Regular Highways-Other Cap Out"
"47","2","47189","175848","A44","         226","2020","R","Regular Highway Charges"
"47","2","47189","175848","E44","        5675","2020","R","Regular Highways-Current Oper"
"47","2","47189","175848","G44","         606","2020","R","Regular Highways-Other Cap Out"
"47","4","47037","207198","A01","      182131","2020","R","Air Transportation Charges"
"47","4","47037","207198","E01","       96436","2020","R","Air Trans Current Operation"
"47","4","47037","207198","F01","      452226","2020","R","Air Trans Construction"
"47","4","47037","207198","G01","       19415","2020","R","Air Trans Other Capital Outlay"
"47","4","47037","214808","A94","        1440","2020","R","Transit Utilities Revenue"
"47","4","47037","214808","E94","        9094","2020","R","Transit Utilities-Current Op"
"47","4","47037","214808","F94","        1249","2020","R","Transit Utilities-Construction"
"47","4","47037","214808","G94","        9423","2020","R","Transit Utilities-Other Cap Out"
"47","4","47045","214115","A87","         310","2020","R","Water Trans & Terminal Charges"
"47","4","47045","214115","E87","         200","2020","R","Water Transport-Current Oper"
"47","4","47065","205424","A01","       26652","2020","R","Air Transportation Charges"
"47","4","47065","205424","E01","       10412","2020","R","Air Trans Current Operation"
"47","4","47065","205424","F01","       12464","2020","R","Air Trans Construction"
"47","4","47065","205424","G01","        4532","2020","R","Air Trans Other Capital Outlay"
"47","4","47093","113423","A01","       29779","2020","R","Air Transportation Charges"
"47","4","47093","113423","E01","       22450","2020","R","Air Trans Current Operation"
"47","4","47093","113423","F01","       32727","2020","R","Air Trans Construction"
"47","4","47093","113423","G01","        3546","2020","R","Air Trans Other Capital Outlay"
"47","4","47109","113434","A01","         149","2020","R","Air Transportation Charges"
"47","4","47109","113434","E01","         201","2020","R","Air Trans Current Operation"
"47","4","47109","113434","G01","           1","2020","R","Air Trans Other Capital Outlay"
"47","4","47131","248501","A01","         547","2020","R","Air Transportation Charges"
"47","4","47131","248501","E01","         535","2020","R","Air Trans Current Operation"
"47","4","47131","248501","M01","          29","2020","R","Air Trans IG to Local NEC"
"47","4","47157","157064","A01","      104776","2020","R","Air Transportation Charges"
"47","4","47157","157064","E01","       72412","2020","R","Air Trans Current Operation"
"47","4","47157","157064","F01","      126519","2020","R","Air Trans Construction"
"47","4","47157","157064","G01","        3650","2020","R","Air Trans Other Capital Outlay"
"47","4","47157","157064","L01","          48","2020","R","Air Trans IG to State"
"47","4","47157","157064","M01","       16333","2020","R","Air Trans IG to Local NEC"
"47","4","47163","135011","A01","       10014","2020","R","Air Transportation Charges"
"47","4","47163","135011","E01","        7050","2020","R","Air Trans Current Operation"
"47","4","47163","135011","F01","        7868","2020","R","Air Trans Construction"
"47","4","47163","135011","G01","         100","2020","R","Air Trans Other Capital Outlay"
"47","4","47163","135011","M01","         376","2020","R","Air Trans IG to Local NEC"
