"Year","Field","Value","Units"
"1977","commercial carbon dioxide emissions United States","262.858659","million metric tons of co2"
"1978","commercial carbon dioxide emissions United States","264.905101","million metric tons of co2"
"1970","commercial carbon dioxide emissions United States","262.476281","million metric tons of co2"
"1971","commercial carbon dioxide emissions United States","266.852247","million metric tons of co2"
"1972","commercial carbon dioxide emissions United States","271.517789","million metric tons of co2"
"1973","commercial carbon dioxide emissions United States","274.07622","million metric tons of co2"
"1974","commercial carbon dioxide emissions United States","262.236161","million metric tons of co2"
"1975","commercial carbon dioxide emissions United States","247.921182","million metric tons of co2"
"1976","commercial carbon dioxide emissions United States","267.643128","million metric tons of co2"
"1979","commercial carbon dioxide emissions United States","264.996936","million metric tons of co2"
"1980","commercial carbon dioxide emissions United States","249.381089","million metric tons of co2"
"1981","commercial carbon dioxide emissions United States","232.006556","million metric tons of co2"
"1982","commercial carbon dioxide emissions United States","232.539248","million metric tons of co2"
"1983","commercial carbon dioxide emissions United States","233.679793","million metric tons of co2"
"1984","commercial carbon dioxide emissions United States","243.586334","million metric tons of co2"
"1986","commercial carbon dioxide emissions Tennessee","3.440084","million metric tons of co2"
"1987","commercial carbon dioxide emissions Tennessee","3.446184","million metric tons of co2"
"1988","commercial carbon dioxide emissions Tennessee","3.785067","million metric tons of co2"
"2018","commercial carbon dioxide emissions Tennessee","4.282851","million metric tons of co2"
"2019","commercial carbon dioxide emissions Tennessee","4.211522","million metric tons of co2"
"2020","commercial carbon dioxide emissions Tennessee","3.89876","million metric tons of co2"
"1989","commercial carbon dioxide emissions Tennessee","3.733834","million metric tons of co2"
"1990","commercial carbon dioxide emissions Tennessee","3.436723","million metric tons of co2"
"1991","commercial carbon dioxide emissions Tennessee","3.401276","million metric tons of co2"
"1992","commercial carbon dioxide emissions Tennessee","3.592193","million metric tons of co2"
"1993","commercial carbon dioxide emissions Tennessee","3.649661","million metric tons of co2"
"2017","commercial carbon dioxide emissions Tennessee","3.71248","million metric tons of co2"
"1970","commercial carbon dioxide emissions Tennessee","3.484536","million metric tons of co2"
"2001","commercial carbon dioxide emissions Tennessee","3.819032","million metric tons of co2"
"1994","commercial carbon dioxide emissions Tennessee","3.539022","million metric tons of co2"
"1995","commercial carbon dioxide emissions Tennessee","3.604428","million metric tons of co2"
"1996","commercial carbon dioxide emissions Tennessee","4.054537","million metric tons of co2"
"1997","commercial carbon dioxide emissions Tennessee","3.873415","million metric tons of co2"
"1998","commercial carbon dioxide emissions Tennessee","3.530248","million metric tons of co2"
"1999","commercial carbon dioxide emissions Tennessee","3.700716","million metric tons of co2"
"2000","commercial carbon dioxide emissions Tennessee","3.90886","million metric tons of co2"
"1971","commercial carbon dioxide emissions Tennessee","3.676661","million metric tons of co2"
"1972","commercial carbon dioxide emissions Tennessee","3.669201","million metric tons of co2"
"1973","commercial carbon dioxide emissions Tennessee","3.743634","million metric tons of co2"
"1974","commercial carbon dioxide emissions Tennessee","3.577833","million metric tons of co2"
"1975","commercial carbon dioxide emissions Tennessee","3.51079","million metric tons of co2"
"1976","commercial carbon dioxide emissions Tennessee","3.360755","million metric tons of co2"
"1977","commercial carbon dioxide emissions Tennessee","3.14103","million metric tons of co2"
"2002","commercial carbon dioxide emissions Tennessee","3.741663","million metric tons of co2"
"2003","commercial carbon dioxide emissions Tennessee","4.063533","million metric tons of co2"
"2004","commercial carbon dioxide emissions Tennessee","3.77976","million metric tons of co2"
"2005","commercial carbon dioxide emissions Tennessee","3.542368","million metric tons of co2"
"2006","commercial carbon dioxide emissions Tennessee","3.401067","million metric tons of co2"
"2007","commercial carbon dioxide emissions Tennessee","3.511453","million metric tons of co2"
"2008","commercial carbon dioxide emissions Tennessee","3.665795","million metric tons of co2"
"1978","commercial carbon dioxide emissions Tennessee","2.884083","million metric tons of co2"
"1979","commercial carbon dioxide emissions Tennessee","3.391182","million metric tons of co2"
"1980","commercial carbon dioxide emissions Tennessee","3.559733","million metric tons of co2"
"1981","commercial carbon dioxide emissions Tennessee","3.346807","million metric tons of co2"
"1982","commercial carbon dioxide emissions Tennessee","3.265402","million metric tons of co2"
"1983","commercial carbon dioxide emissions Tennessee","4.543883","million metric tons of co2"
"2009","commercial carbon dioxide emissions Tennessee","3.685766","million metric tons of co2"
"2010","commercial carbon dioxide emissions Tennessee","3.902286","million metric tons of co2"
"2011","commercial carbon dioxide emissions Tennessee","3.604904","million metric tons of co2"
"2012","commercial carbon dioxide emissions Tennessee","3.124346","million metric tons of co2"
"1984","commercial carbon dioxide emissions Tennessee","4.549404","million metric tons of co2"
"1985","commercial carbon dioxide emissions Tennessee","4.377843","million metric tons of co2"
"2013","commercial carbon dioxide emissions Tennessee","3.48596","million metric tons of co2"
"2014","commercial carbon dioxide emissions Tennessee","3.770113","million metric tons of co2"
"2015","commercial carbon dioxide emissions Tennessee","3.848182","million metric tons of co2"
"2016","commercial carbon dioxide emissions Tennessee","3.68301","million metric tons of co2"
"1995","commercial carbon dioxide emissions United States","232.267302","million metric tons of co2"
"1996","commercial carbon dioxide emissions United States","241.068541","million metric tons of co2"
"1997","commercial carbon dioxide emissions United States","241.212182","million metric tons of co2"
"1998","commercial carbon dioxide emissions United States","224.301356","million metric tons of co2"
"1999","commercial carbon dioxide emissions United States","226.447434","million metric tons of co2"
"2016","commercial carbon dioxide emissions United States","233.960463","million metric tons of co2"
"2017","commercial carbon dioxide emissions United States","235.69158","million metric tons of co2"
"2018","commercial carbon dioxide emissions United States","256.398196","million metric tons of co2"
"2019","commercial carbon dioxide emissions United States","257.364341","million metric tons of co2"
"2020","commercial carbon dioxide emissions United States","235.808009","million metric tons of co2"
"1985","commercial carbon dioxide emissions United States","224.934505","million metric tons of co2"
"1986","commercial carbon dioxide emissions United States","224.298143","million metric tons of co2"
"1987","commercial carbon dioxide emissions United States","227.187505","million metric tons of co2"
"1988","commercial carbon dioxide emissions United States","238.260974","million metric tons of co2"
"1989","commercial carbon dioxide emissions United States","235.240373","million metric tons of co2"
"1990","commercial carbon dioxide emissions United States","227.041891","million metric tons of co2"
"1991","commercial carbon dioxide emissions United States","227.764157","million metric tons of co2"
"1992","commercial carbon dioxide emissions United States","228.945469","million metric tons of co2"
"1993","commercial carbon dioxide emissions United States","226.732845","million metric tons of co2"
"1994","commercial carbon dioxide emissions United States","229.008727","million metric tons of co2"
"2015","commercial carbon dioxide emissions United States","241.913353","million metric tons of co2"
"2000","commercial carbon dioxide emissions United States","239.596726","million metric tons of co2"
"2001","commercial carbon dioxide emissions United States","230.341172","million metric tons of co2"
"2002","commercial carbon dioxide emissions United States","231.7078","million metric tons of co2"
"2003","commercial carbon dioxide emissions United States","242.287828","million metric tons of co2"
"2004","commercial carbon dioxide emissions United States","238.718147","million metric tons of co2"
"2005","commercial carbon dioxide emissions United States","227.794477","million metric tons of co2"
"2006","commercial carbon dioxide emissions United States","208.194129","million metric tons of co2"
"2008","commercial carbon dioxide emissions United States","226.41462","million metric tons of co2"
"2009","commercial carbon dioxide emissions United States","224.027557","million metric tons of co2"
"2010","commercial carbon dioxide emissions United States","221.539444","million metric tons of co2"
"2011","commercial carbon dioxide emissions United States","222.503396","million metric tons of co2"
"2012","commercial carbon dioxide emissions United States","201.679157","million metric tons of co2"
"2007","commercial carbon dioxide emissions United States","217.44396","million metric tons of co2"
"2013","commercial carbon dioxide emissions United States","223.45196","million metric tons of co2"
"2014","commercial carbon dioxide emissions United States","234.806616","million metric tons of co2"
"1977","electric power carbon dioxide emissions United States","1439.749015","million metric tons of co2"
"1978","electric power carbon dioxide emissions United States","1447.353427","million metric tons of co2"
"1970","electric power carbon dioxide emissions United States","1061.440101","million metric tons of co2"
"1971","electric power carbon dioxide emissions United States","1098.82848","million metric tons of co2"
"1972","electric power carbon dioxide emissions United States","1191.537905","million metric tons of co2"
"1973","electric power carbon dioxide emissions United States","1283.223765","million metric tons of co2"
"1974","electric power carbon dioxide emissions United States","1249.002974","million metric tons of co2"
"1975","electric power carbon dioxide emissions United States","1243.506533","million metric tons of co2"
"1976","electric power carbon dioxide emissions United States","1351.80593","million metric tons of co2"
"1979","electric power carbon dioxide emissions United States","1508.302005","million metric tons of co2"
"1980","electric power carbon dioxide emissions United States","1554.946237","million metric tons of co2"
"1981","electric power carbon dioxide emissions United States","1564.896605","million metric tons of co2"
"1982","electric power carbon dioxide emissions United States","1486.889214","million metric tons of co2"
"1983","electric power carbon dioxide emissions United States","1528.731557","million metric tons of co2"
"1984","electric power carbon dioxide emissions United States","1595.078989","million metric tons of co2"
"1986","electric power carbon dioxide emissions Tennessee","47.785598","million metric tons of co2"
"1987","electric power carbon dioxide emissions Tennessee","47.256029","million metric tons of co2"
"2018","electric power carbon dioxide emissions Tennessee","26.121775","million metric tons of co2"
"2019","electric power carbon dioxide emissions Tennessee","24.044546","million metric tons of co2"
"2020","electric power carbon dioxide emissions Tennessee","19.720624","million metric tons of co2"
"1988","electric power carbon dioxide emissions Tennessee","48.307416","million metric tons of co2"
"1989","electric power carbon dioxide emissions Tennessee","44.027131","million metric tons of co2"
"1990","electric power carbon dioxide emissions Tennessee","47.531897","million metric tons of co2"
"1991","electric power carbon dioxide emissions Tennessee","44.654906","million metric tons of co2"
"1992","electric power carbon dioxide emissions Tennessee","47.115237","million metric tons of co2"
"1993","electric power carbon dioxide emissions Tennessee","55.651631","million metric tons of co2"
"2017","electric power carbon dioxide emissions Tennessee","32.346707","million metric tons of co2"
"2000","electric power carbon dioxide emissions Tennessee","59.311769","million metric tons of co2"
"1994","electric power carbon dioxide emissions Tennessee","49.411528","million metric tons of co2"
"1995","electric power carbon dioxide emissions Tennessee","54.518947","million metric tons of co2"
"1996","electric power carbon dioxide emissions Tennessee","53.087258","million metric tons of co2"
"1997","electric power carbon dioxide emissions Tennessee","56.016681","million metric tons of co2"
"1998","electric power carbon dioxide emissions Tennessee","54.687025","million metric tons of co2"
"1999","electric power carbon dioxide emissions Tennessee","54.38057","million metric tons of co2"
"1970","electric power carbon dioxide emissions Tennessee","32.582342","million metric tons of co2"
"1971","electric power carbon dioxide emissions Tennessee","30.526997","million metric tons of co2"
"1972","electric power carbon dioxide emissions Tennessee","37.196538","million metric tons of co2"
"1973","electric power carbon dioxide emissions Tennessee","44.973401","million metric tons of co2"
"1974","electric power carbon dioxide emissions Tennessee","38.72073","million metric tons of co2"
"1975","electric power carbon dioxide emissions Tennessee","39.972407","million metric tons of co2"
"1976","electric power carbon dioxide emissions Tennessee","48.790426","million metric tons of co2"
"1977","electric power carbon dioxide emissions Tennessee","47.4081","million metric tons of co2"
"2001","electric power carbon dioxide emissions Tennessee","56.930569","million metric tons of co2"
"2002","electric power carbon dioxide emissions Tennessee","54.505004","million metric tons of co2"
"2003","electric power carbon dioxide emissions Tennessee","51.443257","million metric tons of co2"
"2004","electric power carbon dioxide emissions Tennessee","54.033499","million metric tons of co2"
"2005","electric power carbon dioxide emissions Tennessee","55.494187","million metric tons of co2"
"2006","electric power carbon dioxide emissions Tennessee","57.545399","million metric tons of co2"
"2007","electric power carbon dioxide emissions Tennessee","57.152079","million metric tons of co2"
"2008","electric power carbon dioxide emissions Tennessee","54.337477","million metric tons of co2"
"1978","electric power carbon dioxide emissions Tennessee","48.636149","million metric tons of co2"
"1979","electric power carbon dioxide emissions Tennessee","44.38617","million metric tons of co2"
"1980","electric power carbon dioxide emissions Tennessee","48.182687","million metric tons of co2"
"1981","electric power carbon dioxide emissions Tennessee","45.436694","million metric tons of co2"
"1982","electric power carbon dioxide emissions Tennessee","37.265095","million metric tons of co2"
"2009","electric power carbon dioxide emissions Tennessee","39.433623","million metric tons of co2"
"2010","electric power carbon dioxide emissions Tennessee","43.757724","million metric tons of co2"
"2011","electric power carbon dioxide emissions Tennessee","40.95871","million metric tons of co2"
"2012","electric power carbon dioxide emissions Tennessee","37.666556","million metric tons of co2"
"1983","electric power carbon dioxide emissions Tennessee","41.966968","million metric tons of co2"
"1984","electric power carbon dioxide emissions Tennessee","42.995313","million metric tons of co2"
"1985","electric power carbon dioxide emissions Tennessee","47.02318","million metric tons of co2"
"2013","electric power carbon dioxide emissions Tennessee","33.947875","million metric tons of co2"
"2014","electric power carbon dioxide emissions Tennessee","37.487151","million metric tons of co2"
"2015","electric power carbon dioxide emissions Tennessee","33.897562","million metric tons of co2"
"2016","electric power carbon dioxide emissions Tennessee","36.23151","million metric tons of co2"
"1994","electric power carbon dioxide emissions United States","1931.080364","million metric tons of co2"
"1995","electric power carbon dioxide emissions United States","1948.146251","million metric tons of co2"
"1996","electric power carbon dioxide emissions United States","2020.711161","million metric tons of co2"
"1997","electric power carbon dioxide emissions United States","2088.046225","million metric tons of co2"
"1998","electric power carbon dioxide emissions United States","2177.128309","million metric tons of co2"
"2015","electric power carbon dioxide emissions United States","1901.346326","million metric tons of co2"
"2016","electric power carbon dioxide emissions United States","1809.617268","million metric tons of co2"
"2017","electric power carbon dioxide emissions United States","1732.720733","million metric tons of co2"
"2018","electric power carbon dioxide emissions United States","1754.200529","million metric tons of co2"
"2019","electric power carbon dioxide emissions United States","1607.530344","million metric tons of co2"
"2020","electric power carbon dioxide emissions United States","1439.792513","million metric tons of co2"
"1985","electric power carbon dioxide emissions United States","1636.720408","million metric tons of co2"
"1986","electric power carbon dioxide emissions United States","1623.115114","million metric tons of co2"
"1987","electric power carbon dioxide emissions United States","1687.730221","million metric tons of co2"
"1988","electric power carbon dioxide emissions United States","1772.168919","million metric tons of co2"
"1989","electric power carbon dioxide emissions United States","1832.002819","million metric tons of co2"
"1990","electric power carbon dioxide emissions United States","1820.702996","million metric tons of co2"
"1991","electric power carbon dioxide emissions United States","1817.95783","million metric tons of co2"
"1992","electric power carbon dioxide emissions United States","1831.13555","million metric tons of co2"
"1993","electric power carbon dioxide emissions United States","1906.771429","million metric tons of co2"
"1999","electric power carbon dioxide emissions United States","2189.990777","million metric tons of co2"
"2000","electric power carbon dioxide emissions United States","2296.802077","million metric tons of co2"
"2001","electric power carbon dioxide emissions United States","2259.059483","million metric tons of co2"
"2002","electric power carbon dioxide emissions United States","2272.894013","million metric tons of co2"
"2003","electric power carbon dioxide emissions United States","2304.036124","million metric tons of co2"
"2004","electric power carbon dioxide emissions United States","2334.997705","million metric tons of co2"
"2005","electric power carbon dioxide emissions United States","2400.847059","million metric tons of co2"
"2006","electric power carbon dioxide emissions United States","2345.047721","million metric tons of co2"
"2007","electric power carbon dioxide emissions United States","2411.330762","million metric tons of co2"
"2008","electric power carbon dioxide emissions United States","2359.89273","million metric tons of co2"
"2009","electric power carbon dioxide emissions United States","2145.940868","million metric tons of co2"
"2010","electric power carbon dioxide emissions United States","2259.851694","million metric tons of co2"
"2011","electric power carbon dioxide emissions United States","2159.114586","million metric tons of co2"
"2012","electric power carbon dioxide emissions United States","2024.210111","million metric tons of co2"
"2013","electric power carbon dioxide emissions United States","2038.949026","million metric tons of co2"
"2014","electric power carbon dioxide emissions United States","2038.00655","million metric tons of co2"
"1977","industrial carbon dioxide emissions United States","1260.464896","million metric tons of co2"
"1978","industrial carbon dioxide emissions United States","1237.306184","million metric tons of co2"
"1970","industrial carbon dioxide emissions United States","1318.697391","million metric tons of co2"
"1971","industrial carbon dioxide emissions United States","1271.943854","million metric tons of co2"
"1972","industrial carbon dioxide emissions United States","1312.067646","million metric tons of co2"
"1973","industrial carbon dioxide emissions United States","1369.021205","million metric tons of co2"
"1974","industrial carbon dioxide emissions United States","1301.824747","million metric tons of co2"
"1975","industrial carbon dioxide emissions United States","1187.486122","million metric tons of co2"
"1976","industrial carbon dioxide emissions United States","1243.700826","million metric tons of co2"
"1979","industrial carbon dioxide emissions United States","1276.137816","million metric tons of co2"
"1980","industrial carbon dioxide emissions United States","1164.610603","million metric tons of co2"
"1981","industrial carbon dioxide emissions United States","1090.950644","million metric tons of co2"
"1982","industrial carbon dioxide emissions United States","958.91665","million metric tons of co2"
"1983","industrial carbon dioxide emissions United States","918.228846","million metric tons of co2"
"1986","industrial carbon dioxide emissions Tennessee","18.067797","million metric tons of co2"
"1987","industrial carbon dioxide emissions Tennessee","18.007735","million metric tons of co2"
"2018","industrial carbon dioxide emissions Tennessee","14.534577","million metric tons of co2"
"2019","industrial carbon dioxide emissions Tennessee","14.116382","million metric tons of co2"
"2020","industrial carbon dioxide emissions Tennessee","13.75175","million metric tons of co2"
"1988","industrial carbon dioxide emissions Tennessee","18.542602","million metric tons of co2"
"1989","industrial carbon dioxide emissions Tennessee","18.302661","million metric tons of co2"
"1990","industrial carbon dioxide emissions Tennessee","18.319662","million metric tons of co2"
"1991","industrial carbon dioxide emissions Tennessee","18.050888","million metric tons of co2"
"1992","industrial carbon dioxide emissions Tennessee","19.547678","million metric tons of co2"
"2017","industrial carbon dioxide emissions Tennessee","14.126673","million metric tons of co2"
"2000","industrial carbon dioxide emissions Tennessee","18.96817","million metric tons of co2"
"1993","industrial carbon dioxide emissions Tennessee","19.547251","million metric tons of co2"
"1994","industrial carbon dioxide emissions Tennessee","19.710148","million metric tons of co2"
"1995","industrial carbon dioxide emissions Tennessee","19.382969","million metric tons of co2"
"1996","industrial carbon dioxide emissions Tennessee","19.357818","million metric tons of co2"
"1997","industrial carbon dioxide emissions Tennessee","19.863898","million metric tons of co2"
"1998","industrial carbon dioxide emissions Tennessee","20.23308","million metric tons of co2"
"1999","industrial carbon dioxide emissions Tennessee","19.754277","million metric tons of co2"
"1970","industrial carbon dioxide emissions Tennessee","15.698039","million metric tons of co2"
"1971","industrial carbon dioxide emissions Tennessee","14.788145","million metric tons of co2"
"1972","industrial carbon dioxide emissions Tennessee","16.54912","million metric tons of co2"
"1973","industrial carbon dioxide emissions Tennessee","18.460044","million metric tons of co2"
"1974","industrial carbon dioxide emissions Tennessee","17.35946","million metric tons of co2"
"1975","industrial carbon dioxide emissions Tennessee","14.874206","million metric tons of co2"
"1976","industrial carbon dioxide emissions Tennessee","17.217811","million metric tons of co2"
"1977","industrial carbon dioxide emissions Tennessee","18.432235","million metric tons of co2"
"2001","industrial carbon dioxide emissions Tennessee","20.554686","million metric tons of co2"
"2002","industrial carbon dioxide emissions Tennessee","19.62174","million metric tons of co2"
"2003","industrial carbon dioxide emissions Tennessee","19.629354","million metric tons of co2"
"2004","industrial carbon dioxide emissions Tennessee","19.720458","million metric tons of co2"
"2005","industrial carbon dioxide emissions Tennessee","19.527607","million metric tons of co2"
"2006","industrial carbon dioxide emissions Tennessee","19.214946","million metric tons of co2"
"2007","industrial carbon dioxide emissions Tennessee","18.628305","million metric tons of co2"
"2008","industrial carbon dioxide emissions Tennessee","17.998891","million metric tons of co2"
"1978","industrial carbon dioxide emissions Tennessee","17.762504","million metric tons of co2"
"1979","industrial carbon dioxide emissions Tennessee","18.807443","million metric tons of co2"
"1980","industrial carbon dioxide emissions Tennessee","16.945723","million metric tons of co2"
"1981","industrial carbon dioxide emissions Tennessee","18.706665","million metric tons of co2"
"1982","industrial carbon dioxide emissions Tennessee","16.537752","million metric tons of co2"
"2009","industrial carbon dioxide emissions Tennessee","13.732118","million metric tons of co2"
"2010","industrial carbon dioxide emissions Tennessee","14.394004","million metric tons of co2"
"2011","industrial carbon dioxide emissions Tennessee","14.70598","million metric tons of co2"
"2012","industrial carbon dioxide emissions Tennessee","14.462181","million metric tons of co2"
"1983","industrial carbon dioxide emissions Tennessee","17.232222","million metric tons of co2"
"1984","industrial carbon dioxide emissions Tennessee","18.10382","million metric tons of co2"
"1985","industrial carbon dioxide emissions Tennessee","18.349695","million metric tons of co2"
"2013","industrial carbon dioxide emissions Tennessee","14.835312","million metric tons of co2"
"2014","industrial carbon dioxide emissions Tennessee","14.719158","million metric tons of co2"
"2015","industrial carbon dioxide emissions Tennessee","14.391959","million metric tons of co2"
"2016","industrial carbon dioxide emissions Tennessee","14.515459","million metric tons of co2"
"1994","industrial carbon dioxide emissions United States","1073.944612","million metric tons of co2"
"1995","industrial carbon dioxide emissions United States","1085.547922","million metric tons of co2"
"1996","industrial carbon dioxide emissions United States","1123.653653","million metric tons of co2"
"1997","industrial carbon dioxide emissions United States","1127.981768","million metric tons of co2"
"1998","industrial carbon dioxide emissions United States","1088.523685","million metric tons of co2"
"2015","industrial carbon dioxide emissions United States","950.418294","million metric tons of co2"
"2016","industrial carbon dioxide emissions United States","948.531463","million metric tons of co2"
"2017","industrial carbon dioxide emissions United States","967.781044","million metric tons of co2"
"2018","industrial carbon dioxide emissions United States","1004.759244","million metric tons of co2"
"2019","industrial carbon dioxide emissions United States","1006.589728","million metric tons of co2"
"2020","industrial carbon dioxide emissions United States","948.253765","million metric tons of co2"
"1984","industrial carbon dioxide emissions United States","1011.645019","million metric tons of co2"
"1985","industrial carbon dioxide emissions United States","966.075356","million metric tons of co2"
"1986","industrial carbon dioxide emissions United States","942.274256","million metric tons of co2"
"1987","industrial carbon dioxide emissions United States","974.568661","million metric tons of co2"
"1988","industrial carbon dioxide emissions United States","1026.691864","million metric tons of co2"
"1989","industrial carbon dioxide emissions United States","1028.075767","million metric tons of co2"
"1990","industrial carbon dioxide emissions United States","1052.884967","million metric tons of co2"
"1991","industrial carbon dioxide emissions United States","1019.786031","million metric tons of co2"
"1992","industrial carbon dioxide emissions United States","1067.436584","million metric tons of co2"
"1993","industrial carbon dioxide emissions United States","1059.490572","million metric tons of co2"
"1999","industrial carbon dioxide emissions United States","1069.829809","million metric tons of co2"
"2000","industrial carbon dioxide emissions United States","1062.714379","million metric tons of co2"
"2001","industrial carbon dioxide emissions United States","1041.426152","million metric tons of co2"
"2002","industrial carbon dioxide emissions United States","1024.500176","million metric tons of co2"
"2003","industrial carbon dioxide emissions United States","1019.054333","million metric tons of co2"
"2004","industrial carbon dioxide emissions United States","1049.065067","million metric tons of co2"
"2005","industrial carbon dioxide emissions United States","1006.462407","million metric tons of co2"
"2006","industrial carbon dioxide emissions United States","1009.170169","million metric tons of co2"
"2007","industrial carbon dioxide emissions United States","1000.246172","million metric tons of co2"
"2008","industrial carbon dioxide emissions United States","966.768261","million metric tons of co2"
"2009","industrial carbon dioxide emissions United States","854.386156","million metric tons of co2"
"2010","industrial carbon dioxide emissions United States","921.260349","million metric tons of co2"
"2011","industrial carbon dioxide emissions United States","924.454079","million metric tons of co2"
"2012","industrial carbon dioxide emissions United States","936.37184","million metric tons of co2"
"2013","industrial carbon dioxide emissions United States","958.013161","million metric tons of co2"
"2014","industrial carbon dioxide emissions United States","969.088661","million metric tons of co2"
"1977","residential carbon dioxide emissions United States","458.536093","million metric tons of co2"
"1978","residential carbon dioxide emissions United States","456.31415","million metric tons of co2"
"1970","residential carbon dioxide emissions United States","477.769294","million metric tons of co2"
"1971","residential carbon dioxide emissions United States","483.257145","million metric tons of co2"
"1972","residential carbon dioxide emissions United States","495.033948","million metric tons of co2"
"1973","residential carbon dioxide emissions United States","474.791154","million metric tons of co2"
"1974","residential carbon dioxide emissions United States","450.493656","million metric tons of co2"
"1975","residential carbon dioxide emissions United States","449.950405","million metric tons of co2"
"1976","residential carbon dioxide emissions United States","472.566798","million metric tons of co2"
"1979","residential carbon dioxide emissions United States","422.880004","million metric tons of co2"
"1980","residential carbon dioxide emissions United States","385.149749","million metric tons of co2"
"1981","residential carbon dioxide emissions United States","359.426377","million metric tons of co2"
"1982","residential carbon dioxide emissions United States","357.716436","million metric tons of co2"
"1983","residential carbon dioxide emissions United States","338.572488","million metric tons of co2"
"1984","residential carbon dioxide emissions United States","362.214808","million metric tons of co2"
"1986","residential carbon dioxide emissions Tennessee","2.780618","million metric tons of co2"
"1987","residential carbon dioxide emissions Tennessee","3.047587","million metric tons of co2"
"1988","residential carbon dioxide emissions Tennessee","3.46616","million metric tons of co2"
"2018","residential carbon dioxide emissions Tennessee","4.568044","million metric tons of co2"
"2019","residential carbon dioxide emissions Tennessee","4.296831","million metric tons of co2"
"2020","residential carbon dioxide emissions Tennessee","4.017901","million metric tons of co2"
"1989","residential carbon dioxide emissions Tennessee","3.629588","million metric tons of co2"
"1990","residential carbon dioxide emissions Tennessee","3.290515","million metric tons of co2"
"1991","residential carbon dioxide emissions Tennessee","3.443847","million metric tons of co2"
"1992","residential carbon dioxide emissions Tennessee","3.656736","million metric tons of co2"
"1993","residential carbon dioxide emissions Tennessee","4.000605","million metric tons of co2"
"2017","residential carbon dioxide emissions Tennessee","3.488486","million metric tons of co2"
"1970","residential carbon dioxide emissions Tennessee","4.659243","million metric tons of co2"
"2001","residential carbon dioxide emissions Tennessee","4.567436","million metric tons of co2"
"1994","residential carbon dioxide emissions Tennessee","3.951858","million metric tons of co2"
"1995","residential carbon dioxide emissions Tennessee","4.079356","million metric tons of co2"
"1996","residential carbon dioxide emissions Tennessee","4.843691","million metric tons of co2"
"1997","residential carbon dioxide emissions Tennessee","4.41413","million metric tons of co2"
"1998","residential carbon dioxide emissions Tennessee","4.077863","million metric tons of co2"
"1999","residential carbon dioxide emissions Tennessee","4.296207","million metric tons of co2"
"2000","residential carbon dioxide emissions Tennessee","4.814093","million metric tons of co2"
"1971","residential carbon dioxide emissions Tennessee","4.644876","million metric tons of co2"
"1972","residential carbon dioxide emissions Tennessee","4.678818","million metric tons of co2"
"1973","residential carbon dioxide emissions Tennessee","4.30463","million metric tons of co2"
"1974","residential carbon dioxide emissions Tennessee","3.900953","million metric tons of co2"
"1975","residential carbon dioxide emissions Tennessee","3.905315","million metric tons of co2"
"1976","residential carbon dioxide emissions Tennessee","3.986525","million metric tons of co2"
"1977","residential carbon dioxide emissions Tennessee","3.883013","million metric tons of co2"
"2002","residential carbon dioxide emissions Tennessee","4.665398","million metric tons of co2"
"2003","residential carbon dioxide emissions Tennessee","4.634231","million metric tons of co2"
"2004","residential carbon dioxide emissions Tennessee","4.405558","million metric tons of co2"
"2005","residential carbon dioxide emissions Tennessee","4.416146","million metric tons of co2"
"2006","residential carbon dioxide emissions Tennessee","4.078633","million metric tons of co2"
"2007","residential carbon dioxide emissions Tennessee","4.052937","million metric tons of co2"
"2008","residential carbon dioxide emissions Tennessee","4.393346","million metric tons of co2"
"2009","residential carbon dioxide emissions Tennessee","4.334444","million metric tons of co2"
"1978","residential carbon dioxide emissions Tennessee","3.566989","million metric tons of co2"
"1979","residential carbon dioxide emissions Tennessee","3.397923","million metric tons of co2"
"1980","residential carbon dioxide emissions Tennessee","3.234224","million metric tons of co2"
"1981","residential carbon dioxide emissions Tennessee","3.065684","million metric tons of co2"
"1982","residential carbon dioxide emissions Tennessee","2.995928","million metric tons of co2"
"1983","residential carbon dioxide emissions Tennessee","3.092637","million metric tons of co2"
"2010","residential carbon dioxide emissions Tennessee","4.836692","million metric tons of co2"
"2011","residential carbon dioxide emissions Tennessee","4.140353","million metric tons of co2"
"2012","residential carbon dioxide emissions Tennessee","3.201393","million metric tons of co2"
"2013","residential carbon dioxide emissions Tennessee","4.213452","million metric tons of co2"
"1984","residential carbon dioxide emissions Tennessee","3.225831","million metric tons of co2"
"1985","residential carbon dioxide emissions Tennessee","2.946228","million metric tons of co2"
"2014","residential carbon dioxide emissions Tennessee","4.757266","million metric tons of co2"
"2015","residential carbon dioxide emissions Tennessee","4.125843","million metric tons of co2"
"2016","residential carbon dioxide emissions Tennessee","3.634034","million metric tons of co2"
"1995","residential carbon dioxide emissions United States","363.226171","million metric tons of co2"
"1996","residential carbon dioxide emissions United States","392.00365","million metric tons of co2"
"1997","residential carbon dioxide emissions United States","373.473026","million metric tons of co2"
"1992","residential carbon dioxide emissions United States","358.312234","million metric tons of co2"
"1998","residential carbon dioxide emissions United States","340.321338","million metric tons of co2"
"1999","residential carbon dioxide emissions United States","361.23768","million metric tons of co2"
"2016","residential carbon dioxide emissions United States","299.584457","million metric tons of co2"
"2017","residential carbon dioxide emissions United States","302.667489","million metric tons of co2"
"2018","residential carbon dioxide emissions United States","345.226219","million metric tons of co2"
"2019","residential carbon dioxide emissions United States","347.88061","million metric tons of co2"
"2020","residential carbon dioxide emissions United States","320.082185","million metric tons of co2"
"1985","residential carbon dioxide emissions United States","357.999348","million metric tons of co2"
"1986","residential carbon dioxide emissions United States","349.351759","million metric tons of co2"
"1987","residential carbon dioxide emissions United States","354.532338","million metric tons of co2"
"1988","residential carbon dioxide emissions United States","375.790143","million metric tons of co2"
"1989","residential carbon dioxide emissions United States","382.631724","million metric tons of co2"
"1990","residential carbon dioxide emissions United States","341.762144","million metric tons of co2"
"1991","residential carbon dioxide emissions United States","348.510584","million metric tons of co2"
"1993","residential carbon dioxide emissions United States","374.819611","million metric tons of co2"
"1994","residential carbon dioxide emissions United States","365.902879","million metric tons of co2"
"2015","residential carbon dioxide emissions United States","323.242352","million metric tons of co2"
"2000","residential carbon dioxide emissions United States","381.251268","million metric tons of co2"
"2001","residential carbon dioxide emissions United States","368.738553","million metric tons of co2"
"2002","residential carbon dioxide emissions United States","369.080365","million metric tons of co2"
"2003","residential carbon dioxide emissions United States","387.117021","million metric tons of co2"
"2004","residential carbon dioxide emissions United States","373.402178","million metric tons of co2"
"2005","residential carbon dioxide emissions United States","365.797222","million metric tons of co2"
"2006","residential carbon dioxide emissions United States","324.072193","million metric tons of co2"
"2007","residential carbon dioxide emissions United States","345.020874","million metric tons of co2"
"2008","residential carbon dioxide emissions United States","358.063027","million metric tons of co2"
"2009","residential carbon dioxide emissions United States","339.57222","million metric tons of co2"
"2010","residential carbon dioxide emissions United States","336.584185","million metric tons of co2"
"2011","residential carbon dioxide emissions United States","326.815267","million metric tons of co2"
"2012","residential carbon dioxide emissions United States","286.79592","million metric tons of co2"
"2013","residential carbon dioxide emissions United States","333.199606","million metric tons of co2"
"2014","residential carbon dioxide emissions United States","349.837254","million metric tons of co2"
"1977","transportation carbon dioxide emissions United States","1402.90292","million metric tons of co2"
"1978","transportation carbon dioxide emissions United States","1460.110488","million metric tons of co2"
"1970","transportation carbon dioxide emissions United States","1131.668021","million metric tons of co2"
"1971","transportation carbon dioxide emissions United States","1176.331221","million metric tons of co2"
"1972","transportation carbon dioxide emissions United States","1246.494488","million metric tons of co2"
"1973","transportation carbon dioxide emissions United States","1312.130146","million metric tons of co2"
"1974","transportation carbon dioxide emissions United States","1278.184112","million metric tons of co2"
"1975","transportation carbon dioxide emissions United States","1288.564887","million metric tons of co2"
"1976","transportation carbon dioxide emissions United States","1350.481017","million metric tons of co2"
"1979","transportation carbon dioxide emissions United States","1449.875302","million metric tons of co2"
"1980","transportation carbon dioxide emissions United States","1394.853582","million metric tons of co2"
"1981","transportation carbon dioxide emissions United States","1380.630465","million metric tons of co2"
"1982","transportation carbon dioxide emissions United States","1349.003579","million metric tons of co2"
"1983","transportation carbon dioxide emissions United States","1353.708419","million metric tons of co2"
"1984","transportation carbon dioxide emissions United States","1385.399187","million metric tons of co2"
"1986","transportation carbon dioxide emissions Tennessee","32.621378","million metric tons of co2"
"1987","transportation carbon dioxide emissions Tennessee","31.857759","million metric tons of co2"
"1988","transportation carbon dioxide emissions Tennessee","32.348912","million metric tons of co2"
"2018","transportation carbon dioxide emissions Tennessee","44.328735","million metric tons of co2"
"2019","transportation carbon dioxide emissions Tennessee","45.567419","million metric tons of co2"
"2020","transportation carbon dioxide emissions Tennessee","41.914157","million metric tons of co2"
"1989","transportation carbon dioxide emissions Tennessee","33.330774","million metric tons of co2"
"1990","transportation carbon dioxide emissions Tennessee","32.720725","million metric tons of co2"
"1991","transportation carbon dioxide emissions Tennessee","31.06117","million metric tons of co2"
"1992","transportation carbon dioxide emissions Tennessee","32.45135","million metric tons of co2"
"1993","transportation carbon dioxide emissions Tennessee","34.223837","million metric tons of co2"
"2017","transportation carbon dioxide emissions Tennessee","43.733325","million metric tons of co2"
"2000","transportation carbon dioxide emissions Tennessee","41.724186","million metric tons of co2"
"2001","transportation carbon dioxide emissions Tennessee","41.345342","million metric tons of co2"
"1994","transportation carbon dioxide emissions Tennessee","35.074746","million metric tons of co2"
"1995","transportation carbon dioxide emissions Tennessee","36.979443","million metric tons of co2"
"1996","transportation carbon dioxide emissions Tennessee","38.278876","million metric tons of co2"
"1997","transportation carbon dioxide emissions Tennessee","38.619193","million metric tons of co2"
"1998","transportation carbon dioxide emissions Tennessee","39.50205","million metric tons of co2"
"1999","transportation carbon dioxide emissions Tennessee","40.719449","million metric tons of co2"
"1970","transportation carbon dioxide emissions Tennessee","21.477312","million metric tons of co2"
"1971","transportation carbon dioxide emissions Tennessee","22.694647","million metric tons of co2"
"1972","transportation carbon dioxide emissions Tennessee","24.894877","million metric tons of co2"
"1973","transportation carbon dioxide emissions Tennessee","27.164966","million metric tons of co2"
"1974","transportation carbon dioxide emissions Tennessee","26.73685","million metric tons of co2"
"1975","transportation carbon dioxide emissions Tennessee","27.431353","million metric tons of co2"
"1976","transportation carbon dioxide emissions Tennessee","28.632422","million metric tons of co2"
"1977","transportation carbon dioxide emissions Tennessee","29.593122","million metric tons of co2"
"2002","transportation carbon dioxide emissions Tennessee","43.830046","million metric tons of co2"
"2003","transportation carbon dioxide emissions Tennessee","45.374576","million metric tons of co2"
"2004","transportation carbon dioxide emissions Tennessee","45.221696","million metric tons of co2"
"2005","transportation carbon dioxide emissions Tennessee","45.327852","million metric tons of co2"
"2006","transportation carbon dioxide emissions Tennessee","45.689254","million metric tons of co2"
"2007","transportation carbon dioxide emissions Tennessee","45.709923","million metric tons of co2"
"2008","transportation carbon dioxide emissions Tennessee","42.105238","million metric tons of co2"
"1978","transportation carbon dioxide emissions Tennessee","31.367687","million metric tons of co2"
"1979","transportation carbon dioxide emissions Tennessee","31.779674","million metric tons of co2"
"1980","transportation carbon dioxide emissions Tennessee","28.876029","million metric tons of co2"
"1981","transportation carbon dioxide emissions Tennessee","28.864463","million metric tons of co2"
"1982","transportation carbon dioxide emissions Tennessee","28.143023","million metric tons of co2"
"1983","transportation carbon dioxide emissions Tennessee","27.964937","million metric tons of co2"
"2009","transportation carbon dioxide emissions Tennessee","40.761333","million metric tons of co2"
"2010","transportation carbon dioxide emissions Tennessee","42.375934","million metric tons of co2"
"2011","transportation carbon dioxide emissions Tennessee","42.09266","million metric tons of co2"
"2012","transportation carbon dioxide emissions Tennessee","40.570809","million metric tons of co2"
"1984","transportation carbon dioxide emissions Tennessee","29.945323","million metric tons of co2"
"1985","transportation carbon dioxide emissions Tennessee","30.501193","million metric tons of co2"
"2013","transportation carbon dioxide emissions Tennessee","40.785405","million metric tons of co2"
"2014","transportation carbon dioxide emissions Tennessee","41.786104","million metric tons of co2"
"2015","transportation carbon dioxide emissions Tennessee","42.440379","million metric tons of co2"
"2016","transportation carbon dioxide emissions Tennessee","43.290789","million metric tons of co2"
"1995","transportation carbon dioxide emissions United States","1675.927802","million metric tons of co2"
"1996","transportation carbon dioxide emissions United States","1725.5524","million metric tons of co2"
"1997","transportation carbon dioxide emissions United States","1745.519838","million metric tons of co2"
"1998","transportation carbon dioxide emissions United States","1782.44415","million metric tons of co2"
"1999","transportation carbon dioxide emissions United States","1828.585032","million metric tons of co2"
"2015","transportation carbon dioxide emissions United States","1850.23294","million metric tons of co2"
"2016","transportation carbon dioxide emissions United States","1887.824826","million metric tons of co2"
"2017","transportation carbon dioxide emissions United States","1904.537048","million metric tons of co2"
"2018","transportation carbon dioxide emissions United States","1934.216969","million metric tons of co2"
"2019","transportation carbon dioxide emissions United States","1939.460458","million metric tons of co2"
"2020","transportation carbon dioxide emissions United States","1648.494119","million metric tons of co2"
"1985","transportation carbon dioxide emissions United States","1416.540142","million metric tons of co2"
"1986","transportation carbon dioxide emissions United States","1466.146726","million metric tons of co2"
"1987","transportation carbon dioxide emissions United States","1512.461062","million metric tons of co2"
"1988","transportation carbon dioxide emissions United States","1571.932979","million metric tons of co2"
"1989","transportation carbon dioxide emissions United States","1582.871403","million metric tons of co2"
"1990","transportation carbon dioxide emissions United States","1579.30892","million metric tons of co2"
"1991","transportation carbon dioxide emissions United States","1558.989462","million metric tons of co2"
"1992","transportation carbon dioxide emissions United States","1581.828235","million metric tons of co2"
"1993","transportation carbon dioxide emissions United States","1601.040028","million metric tons of co2"
"1994","transportation carbon dioxide emissions United States","1640.851329","million metric tons of co2"
"2000","transportation carbon dioxide emissions United States","1884.454951","million metric tons of co2"
"2001","transportation carbon dioxide emissions United States","1855.78184","million metric tons of co2"
"2002","transportation carbon dioxide emissions United States","1895.480811","million metric tons of co2"
"2003","transportation carbon dioxide emissions United States","1912.599093","million metric tons of co2"
"2004","transportation carbon dioxide emissions United States","1967.471978","million metric tons of co2"
"2005","transportation carbon dioxide emissions United States","1988.137708","million metric tons of co2"
"2006","transportation carbon dioxide emissions United States","2019.528352","million metric tons of co2"
"2008","transportation carbon dioxide emissions United States","1892.330304","million metric tons of co2"
"2009","transportation carbon dioxide emissions United States","1831.781932","million metric tons of co2"
"2010","transportation carbon dioxide emissions United States","1845.792354","million metric tons of co2"
"2011","transportation carbon dioxide emissions United States","1816.853667","million metric tons of co2"
"2012","transportation carbon dioxide emissions United States","1780.375931","million metric tons of co2"
"2007","transportation carbon dioxide emissions United States","2022.237063","million metric tons of co2"
"2013","transportation carbon dioxide emissions United States","1807.289239","million metric tons of co2"
"2014","transportation carbon dioxide emissions United States","1825.343469","million metric tons of co2"
"1977","total carbon dioxide emissions from all sectors United States","4824.511583","million metric tons of co2"
"1978","total carbon dioxide emissions from all sectors United States","4865.989349","million metric tons of co2"
"1970","total carbon dioxide emissions from all sectors United States","4252.051087","million metric tons of co2"
"1971","total carbon dioxide emissions from all sectors United States","4297.212948","million metric tons of co2"
"1972","total carbon dioxide emissions from all sectors United States","4516.651775","million metric tons of co2"
"1973","total carbon dioxide emissions from all sectors United States","4713.242489","million metric tons of co2"
"1974","total carbon dioxide emissions from all sectors United States","4541.74165","million metric tons of co2"
"1975","total carbon dioxide emissions from all sectors United States","4417.42913","million metric tons of co2"
"1976","total carbon dioxide emissions from all sectors United States","4686.197699","million metric tons of co2"
"1979","total carbon dioxide emissions from all sectors United States","4922.192064","million metric tons of co2"
"1980","total carbon dioxide emissions from all sectors United States","4748.941261","million metric tons of co2"
"1981","total carbon dioxide emissions from all sectors United States","4627.910647","million metric tons of co2"
"1982","total carbon dioxide emissions from all sectors United States","4385.065127","million metric tons of co2"
"1983","total carbon dioxide emissions from all sectors United States","4372.921103","million metric tons of co2"
"1986","total carbon dioxide emissions from all sectors Tennessee","104.695475","million metric tons of co2"
"1987","total carbon dioxide emissions from all sectors Tennessee","103.615294","million metric tons of co2"
"2018","total carbon dioxide emissions from all sectors Tennessee","93.835982","million metric tons of co2"
"2019","total carbon dioxide emissions from all sectors Tennessee","92.236699","million metric tons of co2"
"2020","total carbon dioxide emissions from all sectors Tennessee","83.303192","million metric tons of co2"
"1988","total carbon dioxide emissions from all sectors Tennessee","106.450157","million metric tons of co2"
"1989","total carbon dioxide emissions from all sectors Tennessee","103.023987","million metric tons of co2"
"1990","total carbon dioxide emissions from all sectors Tennessee","105.299523","million metric tons of co2"
"1991","total carbon dioxide emissions from all sectors Tennessee","100.612087","million metric tons of co2"
"1992","total carbon dioxide emissions from all sectors Tennessee","106.363194","million metric tons of co2"
"2017","total carbon dioxide emissions from all sectors Tennessee","97.407671","million metric tons of co2"
"2000","total carbon dioxide emissions from all sectors Tennessee","128.727078","million metric tons of co2"
"1993","total carbon dioxide emissions from all sectors Tennessee","117.072985","million metric tons of co2"
"1994","total carbon dioxide emissions from all sectors Tennessee","111.687302","million metric tons of co2"
"1995","total carbon dioxide emissions from all sectors Tennessee","118.565143","million metric tons of co2"
"1996","total carbon dioxide emissions from all sectors Tennessee","119.622179","million metric tons of co2"
"1997","total carbon dioxide emissions from all sectors Tennessee","122.787316","million metric tons of co2"
"1998","total carbon dioxide emissions from all sectors Tennessee","122.030267","million metric tons of co2"
"1999","total carbon dioxide emissions from all sectors Tennessee","122.851218","million metric tons of co2"
"1970","total carbon dioxide emissions from all sectors Tennessee","77.901472","million metric tons of co2"
"1971","total carbon dioxide emissions from all sectors Tennessee","76.331326","million metric tons of co2"
"1972","total carbon dioxide emissions from all sectors Tennessee","86.988554","million metric tons of co2"
"1973","total carbon dioxide emissions from all sectors Tennessee","98.646675","million metric tons of co2"
"1974","total carbon dioxide emissions from all sectors Tennessee","90.295826","million metric tons of co2"
"1975","total carbon dioxide emissions from all sectors Tennessee","89.69407","million metric tons of co2"
"1976","total carbon dioxide emissions from all sectors Tennessee","101.987939","million metric tons of co2"
"1977","total carbon dioxide emissions from all sectors Tennessee","102.4575","million metric tons of co2"
"2001","total carbon dioxide emissions from all sectors Tennessee","127.217065","million metric tons of co2"
"2002","total carbon dioxide emissions from all sectors Tennessee","126.363851","million metric tons of co2"
"2003","total carbon dioxide emissions from all sectors Tennessee","125.144951","million metric tons of co2"
"2004","total carbon dioxide emissions from all sectors Tennessee","127.160971","million metric tons of co2"
"2005","total carbon dioxide emissions from all sectors Tennessee","128.30816","million metric tons of co2"
"2006","total carbon dioxide emissions from all sectors Tennessee","129.929299","million metric tons of co2"
"2007","total carbon dioxide emissions from all sectors Tennessee","129.054697","million metric tons of co2"
"2008","total carbon dioxide emissions from all sectors Tennessee","122.500746","million metric tons of co2"
"1978","total carbon dioxide emissions from all sectors Tennessee","104.217412","million metric tons of co2"
"1979","total carbon dioxide emissions from all sectors Tennessee","101.762393","million metric tons of co2"
"1980","total carbon dioxide emissions from all sectors Tennessee","100.798396","million metric tons of co2"
"1981","total carbon dioxide emissions from all sectors Tennessee","99.420314","million metric tons of co2"
"1982","total carbon dioxide emissions from all sectors Tennessee","88.207201","million metric tons of co2"
"2009","total carbon dioxide emissions from all sectors Tennessee","101.947285","million metric tons of co2"
"2010","total carbon dioxide emissions from all sectors Tennessee","109.266641","million metric tons of co2"
"2011","total carbon dioxide emissions from all sectors Tennessee","105.502607","million metric tons of co2"
"2012","total carbon dioxide emissions from all sectors Tennessee","99.025285","million metric tons of co2"
"1983","total carbon dioxide emissions from all sectors Tennessee","94.800647","million metric tons of co2"
"1984","total carbon dioxide emissions from all sectors Tennessee","98.819691","million metric tons of co2"
"1985","total carbon dioxide emissions from all sectors Tennessee","103.198138","million metric tons of co2"
"2013","total carbon dioxide emissions from all sectors Tennessee","97.268004","million metric tons of co2"
"2014","total carbon dioxide emissions from all sectors Tennessee","102.519792","million metric tons of co2"
"2015","total carbon dioxide emissions from all sectors Tennessee","98.703926","million metric tons of co2"
"2016","total carbon dioxide emissions from all sectors Tennessee","101.354803","million metric tons of co2"
"1994","total carbon dioxide emissions from all sectors United States","5240.787912","million metric tons of co2"
"1995","total carbon dioxide emissions from all sectors United States","5305.115449","million metric tons of co2"
"1996","total carbon dioxide emissions from all sectors United States","5502.989405","million metric tons of co2"
"1997","total carbon dioxide emissions from all sectors United States","5576.233039","million metric tons of co2"
"1998","total carbon dioxide emissions from all sectors United States","5612.718839","million metric tons of co2"
"2015","total carbon dioxide emissions from all sectors United States","5267.153266","million metric tons of co2"
"2016","total carbon dioxide emissions from all sectors United States","5179.518477","million metric tons of co2"
"2017","total carbon dioxide emissions from all sectors United States","5143.397894","million metric tons of co2"
"2018","total carbon dioxide emissions from all sectors United States","5294.801156","million metric tons of co2"
"2019","total carbon dioxide emissions from all sectors United States","5158.825482","million metric tons of co2"
"2020","total carbon dioxide emissions from all sectors United States","4592.430592","million metric tons of co2"
"1984","total carbon dioxide emissions from all sectors United States","4597.924337","million metric tons of co2"
"1985","total carbon dioxide emissions from all sectors United States","4602.26976","million metric tons of co2"
"1986","total carbon dioxide emissions from all sectors United States","4605.185998","million metric tons of co2"
"1987","total carbon dioxide emissions from all sectors United States","4756.479787","million metric tons of co2"
"1988","total carbon dioxide emissions from all sectors United States","4984.844879","million metric tons of co2"
"1989","total carbon dioxide emissions from all sectors United States","5060.822087","million metric tons of co2"
"1990","total carbon dioxide emissions from all sectors United States","5021.700918","million metric tons of co2"
"1991","total carbon dioxide emissions from all sectors United States","4973.008063","million metric tons of co2"
"1992","total carbon dioxide emissions from all sectors United States","5067.658071","million metric tons of co2"
"1993","total carbon dioxide emissions from all sectors United States","5168.854484","million metric tons of co2"
"1999","total carbon dioxide emissions from all sectors United States","5676.090732","million metric tons of co2"
"2000","total carbon dioxide emissions from all sectors United States","5864.819401","million metric tons of co2"
"2001","total carbon dioxide emissions from all sectors United States","5755.347199","million metric tons of co2"
"2002","total carbon dioxide emissions from all sectors United States","5793.663165","million metric tons of co2"
"2003","total carbon dioxide emissions from all sectors United States","5865.094399","million metric tons of co2"
"2004","total carbon dioxide emissions from all sectors United States","5963.655076","million metric tons of co2"
"2005","total carbon dioxide emissions from all sectors United States","5989.038873","million metric tons of co2"
"2006","total carbon dioxide emissions from all sectors United States","5906.012564","million metric tons of co2"
"2007","total carbon dioxide emissions from all sectors United States","5996.27883","million metric tons of co2"
"2008","total carbon dioxide emissions from all sectors United States","5803.468943","million metric tons of co2"
"2009","total carbon dioxide emissions from all sectors United States","5395.708733","million metric tons of co2"
"2010","total carbon dioxide emissions from all sectors United States","5585.028026","million metric tons of co2"
"2011","total carbon dioxide emissions from all sectors United States","5449.740994","million metric tons of co2"
"2012","total carbon dioxide emissions from all sectors United States","5229.432959","million metric tons of co2"
"2013","total carbon dioxide emissions from all sectors United States","5360.902992","million metric tons of co2"
"2014","total carbon dioxide emissions from all sectors United States","5417.082551","million metric tons of co2"
