Region,State,Num_of_Stations,Data_Date,Road_Type,Milage,Units
Northeast,Connecticut,2,8/1/2022,rural,177,vehicle-miles (millions)
Northeast,Connecticut,2,8/1/2021,rural,178,vehicle-miles (millions)
Northeast,Connecticut,2,7/1/2022,rural,176,vehicle-miles (millions)
Northeast,Connecticut,2,7/1/2021,rural,177,vehicle-miles (millions)
Northeast,Maine,68,8/1/2022,rural,621,vehicle-miles (millions)
Northeast,Maine,68,8/1/2021,rural,622,vehicle-miles (millions)
Northeast,Maine,68,7/1/2022,rural,593,vehicle-miles (millions)
Northeast,Maine,68,7/1/2021,rural,596,vehicle-miles (millions)
Northeast,Massachusetts,15,8/1/2022,rural,175,vehicle-miles (millions)
Northeast,Massachusetts,15,8/1/2021,rural,175,vehicle-miles (millions)
Northeast,Massachusetts,15,7/1/2022,rural,172,vehicle-miles (millions)
Northeast,Massachusetts,15,7/1/2021,rural,171,vehicle-miles (millions)
Northeast,New Hampshire,75,8/1/2022,rural,358,vehicle-miles (millions)
Northeast,New Hampshire,75,8/1/2021,rural,359,vehicle-miles (millions)
Northeast,New Hampshire,75,7/1/2022,rural,360,vehicle-miles (millions)
Northeast,New Hampshire,75,7/1/2021,rural,356,vehicle-miles (millions)
Northeast,New Jersey,4,8/1/2022,rural,286,vehicle-miles (millions)
Northeast,New Jersey,4,8/1/2021,rural,281,vehicle-miles (millions)
Northeast,New Jersey,4,7/1/2022,rural,277,vehicle-miles (millions)
Northeast,New Jersey,4,7/1/2021,rural,284,vehicle-miles (millions)
Northeast,New York,44,8/1/2022,rural,1381,vehicle-miles (millions)
Northeast,New York,44,8/1/2021,rural,1388,vehicle-miles (millions)
Northeast,New York,44,7/1/2022,rural,1389,vehicle-miles (millions)
Northeast,New York,44,7/1/2021,rural,1400,vehicle-miles (millions)
Northeast,Pennsylvania,44,8/1/2022,rural,2218,vehicle-miles (millions)
Northeast,Pennsylvania,44,8/1/2021,rural,2264,vehicle-miles (millions)
Northeast,Pennsylvania,44,7/1/2022,rural,2204,vehicle-miles (millions)
Northeast,Pennsylvania,44,7/1/2021,rural,2305,vehicle-miles (millions)
Northeast,Rhode Island,5,8/1/2022,rural,74,vehicle-miles (millions)
Northeast,Rhode Island,5,8/1/2021,rural,78,vehicle-miles (millions)
Northeast,Rhode Island,5,7/1/2022,rural,69,vehicle-miles (millions)
Northeast,Rhode Island,5,7/1/2021,rural,70,vehicle-miles (millions)
Northeast,Vermont,19,8/1/2022,rural,281,vehicle-miles (millions)
Northeast,Vermont,19,8/1/2021,rural,269,vehicle-miles (millions)
Northeast,Vermont,19,7/1/2022,rural,274,vehicle-miles (millions)
Northeast,Vermont,19,7/1/2021,rural,271,vehicle-miles (millions)
South Atlantic,Delaware,4,8/1/2022,rural,108,vehicle-miles (millions)
South Atlantic,Delaware,4,8/1/2021,rural,108,vehicle-miles (millions)
South Atlantic,Delaware,4,7/1/2022,rural,91,vehicle-miles (millions)
South Atlantic,Delaware,4,7/1/2021,rural,96,vehicle-miles (millions)
South Atlantic,District of Columbia,0,8/1/2022,rural,0,vehicle-miles (millions)
South Atlantic,District of Columbia,0,8/1/2021,rural,0,vehicle-miles (millions)
South Atlantic,District of Columbia,0,7/1/2022,rural,0,vehicle-miles (millions)
South Atlantic,District of Columbia,0,7/1/2021,rural,0,vehicle-miles (millions)
South Atlantic,Florida,93,8/1/2022,rural,2338,vehicle-miles (millions)
South Atlantic,Florida,93,8/1/2021,rural,2265,vehicle-miles (millions)
South Atlantic,Florida,93,7/1/2022,rural,2541,vehicle-miles (millions)
South Atlantic,Florida,93,7/1/2021,rural,2555,vehicle-miles (millions)
South Atlantic,Georgia,62,8/1/2022,rural,1797,vehicle-miles (millions)
South Atlantic,Georgia,62,8/1/2021,rural,1775,vehicle-miles (millions)
South Atlantic,Georgia,62,7/1/2022,rural,1846,vehicle-miles (millions)
South Atlantic,Georgia,62,7/1/2021,rural,1919,vehicle-miles (millions)
South Atlantic,Maryland,7,8/1/2022,rural,601,vehicle-miles (millions)
South Atlantic,Maryland,7,8/1/2021,rural,600,vehicle-miles (millions)
South Atlantic,Maryland,7,7/1/2022,rural,603,vehicle-miles (millions)
South Atlantic,Maryland,7,7/1/2021,rural,621,vehicle-miles (millions)
South Atlantic,North Carolina,44,8/1/2022,rural,1976,vehicle-miles (millions)
South Atlantic,North Carolina,44,8/1/2021,rural,1988,vehicle-miles (millions)
South Atlantic,North Carolina,44,7/1/2022,rural,1994,vehicle-miles (millions)
South Atlantic,North Carolina,44,7/1/2021,rural,2066,vehicle-miles (millions)
South Atlantic,South Carolina,56,8/1/2022,rural,1626,vehicle-miles (millions)
South Atlantic,South Carolina,56,8/1/2021,rural,1596,vehicle-miles (millions)
South Atlantic,South Carolina,56,7/1/2022,rural,1660,vehicle-miles (millions)
South Atlantic,South Carolina,56,7/1/2021,rural,1714,vehicle-miles (millions)
South Atlantic,Virginia,325,8/1/2022,rural,1985,vehicle-miles (millions)
South Atlantic,Virginia,325,8/1/2021,rural,2017,vehicle-miles (millions)
South Atlantic,Virginia,325,7/1/2022,rural,1978,vehicle-miles (millions)
South Atlantic,Virginia,325,7/1/2021,rural,2084,vehicle-miles (millions)
South Atlantic,West Virginia,15,8/1/2022,rural,489,vehicle-miles (millions)
South Atlantic,West Virginia,15,8/1/2021,rural,511,vehicle-miles (millions)
South Atlantic,West Virginia,15,7/1/2022,rural,492,vehicle-miles (millions)
South Atlantic,West Virginia,15,7/1/2021,rural,544,vehicle-miles (millions)
North Central,Illinois,35,8/1/2022,rural,1497,vehicle-miles (millions)
North Central,Illinois,35,8/1/2021,rural,1503,vehicle-miles (millions)
North Central,Illinois,35,7/1/2022,rural,1590,vehicle-miles (millions)
North Central,Illinois,35,7/1/2021,rural,1642,vehicle-miles (millions)
North Central,Indiana,22,8/1/2022,rural,1603,vehicle-miles (millions)
North Central,Indiana,22,8/1/2021,rural,1642,vehicle-miles (millions)
North Central,Indiana,22,7/1/2022,rural,1555,vehicle-miles (millions)
North Central,Indiana,22,7/1/2021,rural,1664,vehicle-miles (millions)
North Central,Iowa,79,8/1/2022,rural,1290,vehicle-miles (millions)
North Central,Iowa,79,8/1/2021,rural,1311,vehicle-miles (millions)
North Central,Iowa,79,7/1/2022,rural,1273,vehicle-miles (millions)
North Central,Iowa,79,7/1/2021,rural,1330,vehicle-miles (millions)
North Central,Kansas,64,8/1/2022,rural,967,vehicle-miles (millions)
North Central,Kansas,64,8/1/2021,rural,953,vehicle-miles (millions)
North Central,Kansas,64,7/1/2022,rural,1014,vehicle-miles (millions)
North Central,Kansas,64,7/1/2021,rural,1039,vehicle-miles (millions)
North Central,Michigan,58,8/1/2022,rural,1836,vehicle-miles (millions)
North Central,Michigan,58,8/1/2021,rural,1898,vehicle-miles (millions)
North Central,Michigan,58,7/1/2022,rural,1876,vehicle-miles (millions)
North Central,Michigan,58,7/1/2021,rural,1964,vehicle-miles (millions)
North Central,Minnesota,27,8/1/2022,rural,1612,vehicle-miles (millions)
North Central,Minnesota,27,8/1/2021,rural,1580,vehicle-miles (millions)
North Central,Minnesota,27,7/1/2022,rural,1605,vehicle-miles (millions)
North Central,Minnesota,27,7/1/2021,rural,1591,vehicle-miles (millions)
North Central,Missouri,84,8/1/2022,rural,1770,vehicle-miles (millions)
North Central,Missouri,84,8/1/2021,rural,1775,vehicle-miles (millions)
North Central,Missouri,84,7/1/2022,rural,1797,vehicle-miles (millions)
North Central,Missouri,84,7/1/2021,rural,1875,vehicle-miles (millions)
North Central,Nebraska,8,8/1/2022,rural,810,vehicle-miles (millions)
North Central,Nebraska,8,8/1/2021,rural,855,vehicle-miles (millions)
North Central,Nebraska,8,7/1/2022,rural,816,vehicle-miles (millions)
North Central,Nebraska,8,7/1/2021,rural,884,vehicle-miles (millions)
North Central,North Dakota,48,8/1/2022,rural,407,vehicle-miles (millions)
North Central,North Dakota,48,8/1/2021,rural,403,vehicle-miles (millions)
North Central,North Dakota,48,7/1/2022,rural,405,vehicle-miles (millions)
North Central,North Dakota,48,7/1/2021,rural,415,vehicle-miles (millions)
North Central,Ohio,53,8/1/2022,rural,1784,vehicle-miles (millions)
North Central,Ohio,53,8/1/2021,rural,1791,vehicle-miles (millions)
North Central,Ohio,53,7/1/2022,rural,1767,vehicle-miles (millions)
North Central,Ohio,53,7/1/2021,rural,1824,vehicle-miles (millions)
North Central,South Dakota,32,8/1/2022,rural,566,vehicle-miles (millions)
North Central,South Dakota,32,8/1/2021,rural,595,vehicle-miles (millions)
North Central,South Dakota,32,7/1/2022,rural,555,vehicle-miles (millions)
North Central,South Dakota,32,7/1/2021,rural,615,vehicle-miles (millions)
North Central,Wisconsin,107,8/1/2022,rural,1773,vehicle-miles (millions)
North Central,Wisconsin,107,8/1/2021,rural,1782,vehicle-miles (millions)
North Central,Wisconsin,107,7/1/2022,rural,1869,vehicle-miles (millions)
North Central,Wisconsin,107,7/1/2021,rural,1923,vehicle-miles (millions)
South Gulf,Alabama,71,8/1/2022,rural,1491,vehicle-miles (millions)
South Gulf,Alabama,71,8/1/2021,rural,1473,vehicle-miles (millions)
South Gulf,Alabama,71,7/1/2022,rural,1600,vehicle-miles (millions)
South Gulf,Alabama,71,7/1/2021,rural,1662,vehicle-miles (millions)
South Gulf,Arkansas,10,8/1/2022,rural,906,vehicle-miles (millions)
South Gulf,Arkansas,10,8/1/2021,rural,926,vehicle-miles (millions)
South Gulf,Arkansas,10,7/1/2022,rural,988,vehicle-miles (millions)
South Gulf,Arkansas,10,7/1/2021,rural,1035,vehicle-miles (millions)
South Gulf,Kentucky,28,8/1/2022,rural,1602,vehicle-miles (millions)
South Gulf,Kentucky,28,8/1/2021,rural,1595,vehicle-miles (millions)
South Gulf,Kentucky,28,7/1/2022,rural,1640,vehicle-miles (millions)
South Gulf,Kentucky,28,7/1/2021,rural,1747,vehicle-miles (millions)
South Gulf,Louisiana,15,8/1/2022,rural,1053,vehicle-miles (millions)
South Gulf,Louisiana,15,8/1/2021,rural,1077,vehicle-miles (millions)
South Gulf,Louisiana,15,7/1/2022,rural,1171,vehicle-miles (millions)
South Gulf,Louisiana,15,7/1/2021,rural,1221,vehicle-miles (millions)
South Gulf,Mississippi,51,8/1/2022,rural,1231,vehicle-miles (millions)
South Gulf,Mississippi,51,8/1/2021,rural,1256,vehicle-miles (millions)
South Gulf,Mississippi,51,7/1/2022,rural,1302,vehicle-miles (millions)
South Gulf,Mississippi,51,7/1/2021,rural,1388,vehicle-miles (millions)
South Gulf,Oklahoma,38,8/1/2022,rural,1221,vehicle-miles (millions)
South Gulf,Oklahoma,38,8/1/2021,rural,1236,vehicle-miles (millions)
South Gulf,Oklahoma,38,7/1/2022,rural,1220,vehicle-miles (millions)
South Gulf,Oklahoma,38,7/1/2021,rural,1303,vehicle-miles (millions)
South Gulf,Tennessee,38,8/1/2022,rural,1694,vehicle-miles (millions)
South Gulf,Tennessee,38,8/1/2021,rural,1646,vehicle-miles (millions)
South Gulf,Tennessee,38,7/1/2022,rural,1760,vehicle-miles (millions)
South Gulf,Tennessee,38,7/1/2021,rural,1837,vehicle-miles (millions)
South Gulf,Texas,145,8/1/2022,rural,5186,vehicle-miles (millions)
South Gulf,Texas,145,8/1/2021,rural,5192,vehicle-miles (millions)
South Gulf,Texas,145,7/1/2022,rural,5281,vehicle-miles (millions)
South Gulf,Texas,145,7/1/2021,rural,5427,vehicle-miles (millions)
West,Alaska,37,8/1/2022,rural,133,vehicle-miles (millions)
West,Alaska,37,8/1/2021,rural,139,vehicle-miles (millions)
West,Alaska,37,7/1/2022,rural,139,vehicle-miles (millions)
West,Alaska,37,7/1/2021,rural,145,vehicle-miles (millions)
West,Arizona,66,8/1/2022,rural,1216,vehicle-miles (millions)
West,Arizona,66,8/1/2021,rural,1195,vehicle-miles (millions)
West,Arizona,66,7/1/2022,rural,1328,vehicle-miles (millions)
West,Arizona,66,7/1/2021,rural,1295,vehicle-miles (millions)
West,California,27,8/1/2022,rural,4078,vehicle-miles (millions)
West,California,27,8/1/2021,rural,4139,vehicle-miles (millions)
West,California,27,7/1/2022,rural,4158,vehicle-miles (millions)
West,California,27,7/1/2021,rural,4379,vehicle-miles (millions)
West,Colorado,70,8/1/2022,rural,1178,vehicle-miles (millions)
West,Colorado,70,8/1/2021,rural,1183,vehicle-miles (millions)
West,Colorado,70,7/1/2022,rural,1229,vehicle-miles (millions)
West,Colorado,70,7/1/2021,rural,1278,vehicle-miles (millions)
West,Hawaii,13,8/1/2022,rural,73,vehicle-miles (millions)
West,Hawaii,13,8/1/2021,rural,71,vehicle-miles (millions)
West,Hawaii,13,7/1/2022,rural,72,vehicle-miles (millions)
West,Hawaii,13,7/1/2021,rural,73,vehicle-miles (millions)
West,Idaho,110,8/1/2022,rural,682,vehicle-miles (millions)
West,Idaho,110,8/1/2021,rural,691,vehicle-miles (millions)
West,Idaho,110,7/1/2022,rural,695,vehicle-miles (millions)
West,Idaho,110,7/1/2021,rural,734,vehicle-miles (millions)
West,Montana,62,8/1/2022,rural,747,vehicle-miles (millions)
West,Montana,62,8/1/2021,rural,757,vehicle-miles (millions)
West,Montana,62,7/1/2022,rural,781,vehicle-miles (millions)
West,Montana,62,7/1/2021,rural,829,vehicle-miles (millions)
West,Nevada,38,8/1/2022,rural,427,vehicle-miles (millions)
West,Nevada,38,8/1/2021,rural,418,vehicle-miles (millions)
West,Nevada,38,7/1/2022,rural,433,vehicle-miles (millions)
West,Nevada,38,7/1/2021,rural,454,vehicle-miles (millions)
West,New Mexico,8,8/1/2022,rural,824,vehicle-miles (millions)
West,New Mexico,8,8/1/2021,rural,911,vehicle-miles (millions)
West,New Mexico,8,7/1/2022,rural,935,vehicle-miles (millions)
West,New Mexico,8,7/1/2021,rural,1003,vehicle-miles (millions)
West,Oregon,92,8/1/2022,rural,999,vehicle-miles (millions)
West,Oregon,92,8/1/2021,rural,1007,vehicle-miles (millions)
West,Oregon,92,7/1/2022,rural,1005,vehicle-miles (millions)
West,Oregon,92,7/1/2021,rural,1059,vehicle-miles (millions)
West,Utah,34,8/1/2022,rural,666,vehicle-miles (millions)
West,Utah,34,8/1/2021,rural,670,vehicle-miles (millions)
West,Utah,34,7/1/2022,rural,708,vehicle-miles (millions)
West,Utah,34,7/1/2021,rural,739,vehicle-miles (millions)
West,Washington,74,8/1/2022,rural,1157,vehicle-miles (millions)
West,Washington,74,8/1/2021,rural,1133,vehicle-miles (millions)
West,Washington,74,7/1/2022,rural,1132,vehicle-miles (millions)
West,Washington,74,7/1/2021,rural,1164,vehicle-miles (millions)
West,Wyoming,91,8/1/2022,rural,535,vehicle-miles (millions)
West,Wyoming,91,8/1/2021,rural,579,vehicle-miles (millions)
West,Wyoming,91,7/1/2022,rural,563,vehicle-miles (millions)
West,Wyoming,91,7/1/2021,rural,619,vehicle-miles (millions)
Northeast,Connecticut,18,8/1/2022,urban,2284,vehicle-miles (millions)
Northeast,Connecticut,18,8/1/2021,urban,2252,vehicle-miles (millions)
Northeast,Connecticut,18,7/1/2022,urban,2255,vehicle-miles (millions)
Northeast,Connecticut,18,7/1/2021,urban,2249,vehicle-miles (millions)
Northeast,Maine,22,8/1/2022,urban,290,vehicle-miles (millions)
Northeast,Maine,22,8/1/2021,urban,289,vehicle-miles (millions)
Northeast,Maine,22,7/1/2022,urban,285,vehicle-miles (millions)
Northeast,Maine,22,7/1/2021,urban,287,vehicle-miles (millions)
Northeast,Massachusetts,204,8/1/2022,urban,4130,vehicle-miles (millions)
Northeast,Massachusetts,204,8/1/2021,urban,4075,vehicle-miles (millions)
Northeast,Massachusetts,204,7/1/2022,urban,3957,vehicle-miles (millions)
Northeast,Massachusetts,204,7/1/2021,urban,3977,vehicle-miles (millions)
Northeast,New Hampshire,68,8/1/2022,urban,612,vehicle-miles (millions)
Northeast,New Hampshire,68,8/1/2021,urban,609,vehicle-miles (millions)
Northeast,New Hampshire,68,7/1/2022,urban,609,vehicle-miles (millions)
Northeast,New Hampshire,68,7/1/2021,urban,605,vehicle-miles (millions)
Northeast,New Jersey,63,8/1/2022,urban,5137,vehicle-miles (millions)
Northeast,New Jersey,63,8/1/2021,urban,5043,vehicle-miles (millions)
Northeast,New Jersey,63,7/1/2022,urban,5107,vehicle-miles (millions)
Northeast,New Jersey,63,7/1/2021,urban,5105,vehicle-miles (millions)
Northeast,New York,59,8/1/2022,urban,6118,vehicle-miles (millions)
Northeast,New York,59,8/1/2021,urban,6080,vehicle-miles (millions)
Northeast,New York,59,7/1/2022,urban,6034,vehicle-miles (millions)
Northeast,New York,59,7/1/2021,urban,6165,vehicle-miles (millions)
Northeast,Pennsylvania,35,8/1/2022,urban,4310,vehicle-miles (millions)
Northeast,Pennsylvania,35,8/1/2021,urban,4348,vehicle-miles (millions)
Northeast,Pennsylvania,35,7/1/2022,urban,4183,vehicle-miles (millions)
Northeast,Pennsylvania,35,7/1/2021,urban,4355,vehicle-miles (millions)
Northeast,Rhode Island,26,8/1/2022,urban,563,vehicle-miles (millions)
Northeast,Rhode Island,26,8/1/2021,urban,517,vehicle-miles (millions)
Northeast,Rhode Island,26,7/1/2022,urban,507,vehicle-miles (millions)
Northeast,Rhode Island,26,7/1/2021,urban,493,vehicle-miles (millions)
Northeast,Vermont,18,8/1/2022,urban,126,vehicle-miles (millions)
Northeast,Vermont,18,8/1/2021,urban,128,vehicle-miles (millions)
Northeast,Vermont,18,7/1/2022,urban,123,vehicle-miles (millions)
Northeast,Vermont,18,7/1/2021,urban,126,vehicle-miles (millions)
South Atlantic,Delaware,12,8/1/2022,urban,433,vehicle-miles (millions)
South Atlantic,Delaware,12,8/1/2021,urban,431,vehicle-miles (millions)
South Atlantic,Delaware,12,7/1/2022,urban,390,vehicle-miles (millions)
South Atlantic,Delaware,12,7/1/2021,urban,413,vehicle-miles (millions)
South Atlantic,District of Columbia,2,8/1/2022,urban,191,vehicle-miles (millions)
South Atlantic,District of Columbia,2,8/1/2021,urban,201,vehicle-miles (millions)
South Atlantic,District of Columbia,2,7/1/2022,urban,189,vehicle-miles (millions)
South Atlantic,District of Columbia,2,7/1/2021,urban,207,vehicle-miles (millions)
South Atlantic,Florida,138,8/1/2022,urban,11163,vehicle-miles (millions)
South Atlantic,Florida,138,8/1/2021,urban,10678,vehicle-miles (millions)
South Atlantic,Florida,138,7/1/2022,urban,10979,vehicle-miles (millions)
South Atlantic,Florida,138,7/1/2021,urban,11033,vehicle-miles (millions)
South Atlantic,Georgia,118,8/1/2022,urban,5912,vehicle-miles (millions)
South Atlantic,Georgia,118,8/1/2021,urban,5748,vehicle-miles (millions)
South Atlantic,Georgia,118,7/1/2022,urban,5641,vehicle-miles (millions)
South Atlantic,Georgia,118,7/1/2021,urban,5793,vehicle-miles (millions)
South Atlantic,Maryland,36,8/1/2022,urban,3322,vehicle-miles (millions)
South Atlantic,Maryland,36,8/1/2021,urban,3310,vehicle-miles (millions)
South Atlantic,Maryland,36,7/1/2022,urban,3243,vehicle-miles (millions)
South Atlantic,Maryland,36,7/1/2021,urban,3337,vehicle-miles (millions)
South Atlantic,North Carolina,42,8/1/2022,urban,4824,vehicle-miles (millions)
South Atlantic,North Carolina,42,8/1/2021,urban,4828,vehicle-miles (millions)
South Atlantic,North Carolina,42,7/1/2022,urban,4655,vehicle-miles (millions)
South Atlantic,North Carolina,42,7/1/2021,urban,4830,vehicle-miles (millions)
South Atlantic,South Carolina,47,8/1/2022,urban,2276,vehicle-miles (millions)
South Atlantic,South Carolina,47,8/1/2021,urban,2224,vehicle-miles (millions)
South Atlantic,South Carolina,47,7/1/2022,urban,2226,vehicle-miles (millions)
South Atlantic,South Carolina,47,7/1/2021,urban,2288,vehicle-miles (millions)
South Atlantic,Virginia,360,8/1/2022,urban,4020,vehicle-miles (millions)
South Atlantic,Virginia,360,8/1/2021,urban,3969,vehicle-miles (millions)
South Atlantic,Virginia,360,7/1/2022,urban,3885,vehicle-miles (millions)
South Atlantic,Virginia,360,7/1/2021,urban,4044,vehicle-miles (millions)
South Atlantic,West Virginia,9,8/1/2022,urban,598,vehicle-miles (millions)
South Atlantic,West Virginia,9,8/1/2021,urban,612,vehicle-miles (millions)
South Atlantic,West Virginia,9,7/1/2022,urban,587,vehicle-miles (millions)
South Atlantic,West Virginia,9,7/1/2021,urban,639,vehicle-miles (millions)
North Central,Illinois,53,8/1/2022,urban,5120,vehicle-miles (millions)
North Central,Illinois,53,8/1/2021,urban,5089,vehicle-miles (millions)
North Central,Illinois,53,7/1/2022,urban,4950,vehicle-miles (millions)
North Central,Illinois,53,7/1/2021,urban,5084,vehicle-miles (millions)
North Central,Indiana,36,8/1/2022,urban,2775,vehicle-miles (millions)
North Central,Indiana,36,8/1/2021,urban,2789,vehicle-miles (millions)
North Central,Indiana,36,7/1/2022,urban,2712,vehicle-miles (millions)
North Central,Indiana,36,7/1/2021,urban,2813,vehicle-miles (millions)
North Central,Iowa,32,8/1/2022,urban,952,vehicle-miles (millions)
North Central,Iowa,32,8/1/2021,urban,956,vehicle-miles (millions)
North Central,Iowa,32,7/1/2022,urban,924,vehicle-miles (millions)
North Central,Iowa,32,7/1/2021,urban,945,vehicle-miles (millions)
North Central,Kansas,16,8/1/2022,urban,952,vehicle-miles (millions)
North Central,Kansas,16,8/1/2021,urban,955,vehicle-miles (millions)
North Central,Kansas,16,7/1/2022,urban,910,vehicle-miles (millions)
North Central,Kansas,16,7/1/2021,urban,952,vehicle-miles (millions)
North Central,Michigan,44,8/1/2022,urban,5015,vehicle-miles (millions)
North Central,Michigan,44,8/1/2021,urban,4989,vehicle-miles (millions)
North Central,Michigan,44,7/1/2022,urban,4905,vehicle-miles (millions)
North Central,Michigan,44,7/1/2021,urban,4974,vehicle-miles (millions)
North Central,Minnesota,9,8/1/2022,urban,2179,vehicle-miles (millions)
North Central,Minnesota,9,8/1/2021,urban,2249,vehicle-miles (millions)
North Central,Minnesota,9,7/1/2022,urban,2207,vehicle-miles (millions)
North Central,Minnesota,9,7/1/2021,urban,2328,vehicle-miles (millions)
North Central,Missouri,63,8/1/2022,urban,2869,vehicle-miles (millions)
North Central,Missouri,63,8/1/2021,urban,2830,vehicle-miles (millions)
North Central,Missouri,63,7/1/2022,urban,2793,vehicle-miles (millions)
North Central,Missouri,63,7/1/2021,urban,2890,vehicle-miles (millions)
North Central,Nebraska,12,8/1/2022,urban,648,vehicle-miles (millions)
North Central,Nebraska,12,8/1/2021,urban,655,vehicle-miles (millions)
North Central,Nebraska,12,7/1/2022,urban,607,vehicle-miles (millions)
North Central,Nebraska,12,7/1/2021,urban,648,vehicle-miles (millions)
North Central,North Dakota,10,8/1/2022,urban,182,vehicle-miles (millions)
North Central,North Dakota,10,8/1/2021,urban,187,vehicle-miles (millions)
North Central,North Dakota,10,7/1/2022,urban,177,vehicle-miles (millions)
North Central,North Dakota,10,7/1/2021,urban,187,vehicle-miles (millions)
North Central,Ohio,92,8/1/2022,urban,5133,vehicle-miles (millions)
North Central,Ohio,92,8/1/2021,urban,5065,vehicle-miles (millions)
North Central,Ohio,92,7/1/2022,urban,4932,vehicle-miles (millions)
North Central,Ohio,92,7/1/2021,urban,5076,vehicle-miles (millions)
North Central,South Dakota,4,8/1/2022,urban,234,vehicle-miles (millions)
North Central,South Dakota,4,8/1/2021,urban,248,vehicle-miles (millions)
North Central,South Dakota,4,7/1/2022,urban,226,vehicle-miles (millions)
North Central,South Dakota,4,7/1/2021,urban,250,vehicle-miles (millions)
North Central,Wisconsin,125,8/1/2022,urban,2440,vehicle-miles (millions)
North Central,Wisconsin,125,8/1/2021,urban,2410,vehicle-miles (millions)
North Central,Wisconsin,125,7/1/2022,urban,2377,vehicle-miles (millions)
North Central,Wisconsin,125,7/1/2021,urban,2435,vehicle-miles (millions)
South Gulf,Alabama,115,8/1/2022,urban,2342,vehicle-miles (millions)
South Gulf,Alabama,115,8/1/2021,urban,2340,vehicle-miles (millions)
South Gulf,Alabama,115,7/1/2022,urban,2335,vehicle-miles (millions)
South Gulf,Alabama,115,7/1/2021,urban,2443,vehicle-miles (millions)
South Gulf,Arkansas,3,8/1/2022,urban,1237,vehicle-miles (millions)
South Gulf,Arkansas,3,8/1/2021,urban,1271,vehicle-miles (millions)
South Gulf,Arkansas,3,7/1/2022,urban,1247,vehicle-miles (millions)
South Gulf,Arkansas,3,7/1/2021,urban,1287,vehicle-miles (millions)
South Gulf,Kentucky,23,8/1/2022,urban,1642,vehicle-miles (millions)
South Gulf,Kentucky,23,8/1/2021,urban,1613,vehicle-miles (millions)
South Gulf,Kentucky,23,7/1/2022,urban,1563,vehicle-miles (millions)
South Gulf,Kentucky,23,7/1/2021,urban,1660,vehicle-miles (millions)
South Gulf,Louisiana,14,8/1/2022,urban,2096,vehicle-miles (millions)
South Gulf,Louisiana,14,8/1/2021,urban,2040,vehicle-miles (millions)
South Gulf,Louisiana,14,7/1/2022,urban,2002,vehicle-miles (millions)
South Gulf,Louisiana,14,7/1/2021,urban,2102,vehicle-miles (millions)
South Gulf,Mississippi,28,8/1/2022,urban,1120,vehicle-miles (millions)
South Gulf,Mississippi,28,8/1/2021,urban,1129,vehicle-miles (millions)
South Gulf,Mississippi,28,7/1/2022,urban,1109,vehicle-miles (millions)
South Gulf,Mississippi,28,7/1/2021,urban,1180,vehicle-miles (millions)
South Gulf,Oklahoma,34,8/1/2022,urban,1625,vehicle-miles (millions)
South Gulf,Oklahoma,34,8/1/2021,urban,1630,vehicle-miles (millions)
South Gulf,Oklahoma,34,7/1/2022,urban,1591,vehicle-miles (millions)
South Gulf,Oklahoma,34,7/1/2021,urban,1690,vehicle-miles (millions)
South Gulf,Tennessee,29,8/1/2022,urban,3649,vehicle-miles (millions)
South Gulf,Tennessee,29,8/1/2021,urban,3528,vehicle-miles (millions)
South Gulf,Tennessee,29,7/1/2022,urban,3383,vehicle-miles (millions)
South Gulf,Tennessee,29,7/1/2021,urban,3436,vehicle-miles (millions)
South Gulf,Texas,84,8/1/2022,urban,14477,vehicle-miles (millions)
South Gulf,Texas,84,8/1/2021,urban,14184,vehicle-miles (millions)
South Gulf,Texas,84,7/1/2022,urban,14231,vehicle-miles (millions)
South Gulf,Texas,84,7/1/2021,urban,14413,vehicle-miles (millions)
West,Alaska,50,8/1/2022,urban,207,vehicle-miles (millions)
West,Alaska,50,8/1/2021,urban,211,vehicle-miles (millions)
West,Alaska,50,7/1/2022,urban,201,vehicle-miles (millions)
West,Alaska,50,7/1/2021,urban,212,vehicle-miles (millions)
West,Arizona,85,8/1/2022,urban,3562,vehicle-miles (millions)
West,Arizona,85,8/1/2021,urban,3453,vehicle-miles (millions)
West,Arizona,85,7/1/2022,urban,3495,vehicle-miles (millions)
West,Arizona,85,7/1/2021,urban,3367,vehicle-miles (millions)
West,California,56,8/1/2022,urban,20513,vehicle-miles (millions)
West,California,56,8/1/2021,urban,20431,vehicle-miles (millions)
West,California,56,7/1/2022,urban,20874,vehicle-miles (millions)
West,California,56,7/1/2021,urban,21913,vehicle-miles (millions)
West,Colorado,40,8/1/2022,urban,2878,vehicle-miles (millions)
West,Colorado,40,8/1/2021,urban,2871,vehicle-miles (millions)
West,Colorado,40,7/1/2022,urban,2738,vehicle-miles (millions)
West,Colorado,40,7/1/2021,urban,2870,vehicle-miles (millions)
West,Hawaii,54,8/1/2022,urban,481,vehicle-miles (millions)
West,Hawaii,54,8/1/2021,urban,461,vehicle-miles (millions)
West,Hawaii,54,7/1/2022,urban,471,vehicle-miles (millions)
West,Hawaii,54,7/1/2021,urban,477,vehicle-miles (millions)
West,Idaho,78,8/1/2022,urban,569,vehicle-miles (millions)
West,Idaho,78,8/1/2021,urban,550,vehicle-miles (millions)
West,Idaho,78,7/1/2022,urban,555,vehicle-miles (millions)
West,Idaho,78,7/1/2021,urban,570,vehicle-miles (millions)
West,Montana,14,8/1/2022,urban,237,vehicle-miles (millions)
West,Montana,14,8/1/2021,urban,230,vehicle-miles (millions)
West,Montana,14,7/1/2022,urban,233,vehicle-miles (millions)
West,Montana,14,7/1/2021,urban,242,vehicle-miles (millions)
West,Nevada,38,8/1/2022,urban,1360,vehicle-miles (millions)
West,Nevada,38,8/1/2021,urban,1328,vehicle-miles (millions)
West,Nevada,38,7/1/2022,urban,1301,vehicle-miles (millions)
West,Nevada,38,7/1/2021,urban,1343,vehicle-miles (millions)
West,New Mexico,6,8/1/2022,urban,747,vehicle-miles (millions)
West,New Mexico,6,8/1/2021,urban,770,vehicle-miles (millions)
West,New Mexico,6,7/1/2022,urban,789,vehicle-miles (millions)
West,New Mexico,6,7/1/2021,urban,792,vehicle-miles (millions)
West,Oregon,40,8/1/2022,urban,1568,vehicle-miles (millions)
West,Oregon,40,8/1/2021,urban,1564,vehicle-miles (millions)
West,Oregon,40,7/1/2022,urban,1543,vehicle-miles (millions)
West,Oregon,40,7/1/2021,urban,1608,vehicle-miles (millions)
West,Utah,77,8/1/2022,urban,1607,vehicle-miles (millions)
West,Utah,77,8/1/2021,urban,1566,vehicle-miles (millions)
West,Utah,77,7/1/2022,urban,1517,vehicle-miles (millions)
West,Utah,77,7/1/2021,urban,1570,vehicle-miles (millions)
West,Washington,86,8/1/2022,urban,3421,vehicle-miles (millions)
West,Washington,86,8/1/2021,urban,3354,vehicle-miles (millions)
West,Washington,86,7/1/2022,urban,3378,vehicle-miles (millions)
West,Washington,86,7/1/2021,urban,3464,vehicle-miles (millions)
West,Wyoming,25,8/1/2022,urban,177,vehicle-miles (millions)
West,Wyoming,25,8/1/2021,urban,180,vehicle-miles (millions)
West,Wyoming,25,7/1/2022,urban,173,vehicle-miles (millions)
West,Wyoming,25,7/1/2021,urban,181,vehicle-miles (millions)
