"Name","Male_Unemployed_16_T_19","Female_Unemployed_16_T_19","Male_Unemployed_20_T_21","Female_Unemployed_20_T_21","Male_Unemployed_22_T_24","Female_Unemployed_22_T_24","Male_Unemployed_25_T_29","Female_Unemployed_25_T_29","Male_Unemployed_30_T_34","Female_Unemployed_30_T_34","Male_Unemployed_35_T_44","Female_Unemployed_35_T_44","Male_Unemployed_45_T_54","Female_Unemployed_45_T_54","Male_Unemployed_55_T_59","Female_Unemployed_55_T_59","Male_Unemployed_60_T_61","Female_Unemployed_60_T_61","Male_Unemployed_62_T_64","Female_Unemployed_62_T_64","Male_Unemployed_65_T_69","Female_Unemployed_65_T_69","Male_Unemployed_70_T_74","Female_Unemployed_70_T_74","Male_Unemployed_75_or_more","Female_Unemployed_75_or_more","STATEFP","COUNTYFP","STATE_FIPS","Unemployed_16_T_19","Unemployed_20_T_21","Unemployed_22_T_24","Unemployed_25_T_29","Unemployed_30_T_34","Unemployed_35_T_44","Unemployed_45_T_54","Unemployed_55_T_59","Unemployed_60_T_61","Unemployed_62_T_64","Unemployed_65_T_69","Unemployed_70_T_74","Unemployed_75_or_more","Year"
"Meigs County, Tennessee","14","20","0","0","0","92","15","7","0","0","37","10","99","70","2","0","0","0","31","0","52","3","8","0","0","0","47","121","47121","34","0","92","22","0","47","169","2","0","31","55","8","0","2020"
"Montgomery County, Tennessee","278","362","114","429","197","251","418","762","391","272","559","562","188","243","61","131","40","14","19","21","16","24","0","29","33","28","47","125","47125","640","543","448","1180","663","1121","431","192","54","40","40","29","61","2020"
"Moore County, Tennessee","0","11","26","0","0","0","13","0","2","10","9","0","0","9","9","6","0","0","9","0","0","0","0","9","0","0","47","127","47127","11","26","0","13","12","9","9","15","0","9","0","9","0","2020"
"Obion County, Tennessee","22","67","23","41","97","41","47","68","49","32","44","94","75","62","6","0","17","1","0","0","0","41","0","0","0","0","47","131","47131","89","64","138","115","81","138","137","6","18","0","41","0","0","2020"
"Overton County, Tennessee","4","9","0","62","0","16","12","9","56","16","16","5","55","15","0","0","0","0","0","0","77","0","0","0","0","0","47","133","47133","13","62","16","21","72","21","70","0","0","0","77","0","0","2020"
"Pickett County, Tennessee","0","0","0","0","5","3","3","63","0","0","0","0","0","2","0","0","0","0","0","0","18","0","0","0","0","0","47","137","47137","0","0","8","66","0","0","2","0","0","0","18","0","0","2020"
"Polk County, Tennessee","6","16","29","21","30","108","18","39","47","21","51","41","9","8","29","0","15","4","0","0","0","0","0","0","0","0","47","139","47139","22","50","138","57","68","92","17","29","19","0","0","0","0","2020"
"Rhea County, Tennessee","186","40","4","39","101","0","115","20","49","96","100","187","114","57","0","0","91","21","15","0","8","0","0","5","0","7","47","143","47143","226","43","101","135","145","287","171","0","112","15","8","5","7","2020"
"Roane County, Tennessee","130","81","221","0","91","12","59","219","39","0","128","59","192","88","47","33","17","9","37","9","0","0","0","0","0","0","47","145","47145","211","221","103","278","39","187","280","80","26","46","0","0","0","2020"
"Rutherford County, Tennessee","685","518","488","311","455","412","1275","303","191","238","546","617","287","480","85","258","57","0","77","135","96","14","27","0","13","0","47","149","47149","1203","799","867","1578","429","1163","767","343","57","212","110","27","13","2020"
"Scott County, Tennessee","22","37","5","70","0","25","124","19","0","4","191","73","85","48","0","14","0","0","0","15","0","0","0","0","0","0","47","151","47151","59","75","25","143","4","264","133","14","0","15","0","0","0","2020"
"Sequatchie County, Tennessee","0","34","42","16","14","14","16","5","87","0","26","6","6","0","18","10","0","0","0","0","0","0","0","0","0","8","47","153","47153","34","58","28","21","87","32","6","28","0","0","0","0","8","2020"
"Shelby County, Tennessee","1515","2128","1472","1370","1722","2093","2704","2624","1601","2444","2614","2949","2585","1694","1033","889","256","354","322","573","472","405","132","134","123","106","47","157","47157","3643","2842","3815","5328","4045","5563","4279","1922","610","895","877","266","229","2020"
"Smith County, Tennessee","7","28","15","11","0","0","0","27","54","38","26","26","15","9","6","70","0","0","0","10","4","0","0","0","0","0","47","159","47159","35","26","0","27","92","52","24","76","0","10","4","0","0","2020"
"Sullivan County, Tennessee","446","281","245","297","215","114","381","395","89","379","332","280","407","225","151","264","28","8","51","19","31","8","25","11","0","0","47","163","47163","727","542","329","776","468","612","632","415","36","70","39","36","0","2020"
"Sumner County, Tennessee","165","179","35","42","221","154","142","122","189","223","208","328","155","305","368","61","23","22","155","77","87","63","11","4","0","0","47","165","47165","344","77","375","264","412","536","460","429","45","232","150","15","0","2020"
"Trousdale County, Tennessee","0","0","0","0","55","0","69","0","0","0","10","10","8","48","0","0","0","30","0","0","0","0","0","0","0","0","47","169","47169","0","0","55","69","0","20","56","0","30","0","0","0","0","2020"
"Unicoi County, Tennessee","0","25","81","0","69","20","0","37","0","0","102","56","23","57","0","14","0","0","0","10","0","0","0","0","0","0","47","171","47171","25","81","89","37","0","158","80","14","0","10","0","0","0","2020"
"Van Buren County, Tennessee","12","31","0","18","0","0","34","0","3","0","0","29","0","0","0","0","0","0","0","0","0","0","0","0","0","0","47","175","47175","43","18","0","34","3","29","0","0","0","0","0","0","0","2020"
"Warren County, Tennessee","74","33","22","59","34","10","18","71","35","0","71","125","28","73","0","23","0","0","0","0","0","8","0","16","5","0","47","177","47177","107","81","44","89","35","196","101","23","0","0","8","16","5","2020"
"Wayne County, Tennessee","9","19","12","40","3","15","19","13","13","3","81","98","0","25","0","0","0","0","1","0","6","37","0","0","0","0","47","181","47181","28","52","18","32","16","179","25","0","0","1","43","0","0","2020"
"Weakley County, Tennessee","87","71","56","14","71","52","40","57","9","10","20","38","36","106","13","0","0","0","7","3","0","0","5","7","0","0","47","183","47183","158","70","123","97","19","58","142","13","0","10","0","12","0","2020"
"Williamson County, Tennessee","254","147","80","0","231","103","323","190","86","85","146","233","247","410","192","55","38","48","34","24","16","0","12","19","4","0","47","187","47187","401","80","334","513","171","379","657","247","86","58","16","31","4","2020"
"Wilson County, Tennessee","152","196","136","72","105","228","224","86","161","134","273","215","33","353","42","28","13","16","0","0","37","23","0","33","0","0","47","189","47189","348","208","333","310","295","488","386","70","29","0","60","33","0","2020"
"Bedford County, Tennessee","127","98","37","43","0","50","49","151","16","23","36","97","65","80","28","22","0","29","15","0","74","0","0","0","0","0","47","003","47003","225","80","50","200","39","133","145","50","29","15","74","0","0","2020"
"Blount County, Tennessee","191","123","374","224","96","104","101","132","137","120","214","419","135","263","135","123","60","16","20","34","3","15","14","31","0","1","47","009","47009","314","598","200","233","257","633","398","258","76","54","18","45","1","2020"
"Cannon County, Tennessee","5","8","15","0","0","14","37","58","11","22","17","0","0","2","0","0","0","0","7","0","0","0","0","0","0","0","47","015","47015","13","15","14","95","33","17","2","0","0","7","0","0","0","2020"
"Cheatham County, Tennessee","120","40","0","45","35","39","45","68","59","19","13","80","110","101","21","5","17","11","15","6","6","40","12","0","0","0","47","021","47021","160","45","74","113","78","93","211","26","28","21","46","12","0","2020"
"Clay County, Tennessee","0","0","9","0","18","0","0","14","0","0","18","0","31","31","0","0","0","0","0","0","0","30","0","0","0","0","47","027","47027","0","9","18","14","0","18","62","0","0","0","30","0","0","2020"
"Crockett County, Tennessee","38","56","4","0","43","13","22","13","12","20","1","36","6","2","3","6","0","0","0","0","0","0","0","0","0","0","47","033","47033","94","4","56","35","32","37","8","9","0","0","0","0","0","2020"
"Decatur County, Tennessee","52","18","17","0","74","42","29","17","0","5","17","24","20","22","15","0","0","0","6","0","5","0","0","16","0","0","47","039","47039","70","17","116","46","5","41","42","15","0","6","5","16","0","2020"
"Jackson County, Tennessee","41","0","43","40","65","0","41","12","10","3","17","0","17","83","0","6","0","0","5","0","0","0","0","0","0","0","47","087","47087","41","83","65","53","13","17","100","6","0","5","0","0","0","2020"
"Knox County, Tennessee","648","627","636","473","499","471","483","655","426","499","929","1093","826","827","365","291","59","51","59","77","38","69","62","143","0","15","47","093","47093","1275","1109","970","1138","925","2022","1653","656","110","136","107","205","15","2020"
"Lawrence County, Tennessee","97","117","25","30","80","20","52","80","230","79","109","220","58","149","15","82","3","0","51","20","0","0","0","0","0","0","47","099","47099","214","55","100","132","309","329","207","97","3","71","0","0","0","2020"
"Loudon County, Tennessee","21","28","18","48","7","47","60","3","29","122","31","95","48","68","82","86","0","38","0","0","0","16","0","14","0","0","47","105","47105","49","66","54","63","151","126","116","168","38","0","16","14","0","2020"
"Macon County, Tennessee","70","2","0","0","7","32","42","136","9","14","32","67","0","46","0","31","4","0","0","0","0","0","0","0","0","0","47","111","47111","72","0","39","178","23","99","46","31","4","0","0","0","0","2020"
"Marshall County, Tennessee","98","104","21","45","12","64","20","20","56","82","71","170","45","121","0","27","0","17","9","19","11","0","20","0","0","7","47","117","47117","202","66","76","40","138","241","166","27","17","28","11","20","7","2020"
"Monroe County, Tennessee","179","133","93","37","8","0","159","123","32","59","134","75","35","69","60","91","0","15","0","0","11","23","0","0","0","0","47","123","47123","312","130","8","282","91","209","104","151","15","0","34","0","0","2020"
"Morgan County, Tennessee","39","51","9","11","13","23","15","50","49","31","103","70","0","25","0","9","2","0","0","0","101","0","0","0","0","0","47","129","47129","90","20","36","65","80","173","25","9","2","0","101","0","0","2020"
"Perry County, Tennessee","6","0","0","0","0","0","0","74","58","0","43","50","23","0","4","3","13","0","0","0","2","0","0","0","0","0","47","135","47135","6","0","0","74","58","93","23","7","13","0","2","0","0","2020"
"Putnam County, Tennessee","437","283","203","124","234","34","79","100","89","72","111","65","38","97","100","29","14","0","0","0","44","15","0","9","38","9","47","141","47141","720","327","268","179","161","176","135","129","14","0","59","9","47","2020"
"Robertson County, Tennessee","175","68","24","2","53","27","161","190","156","134","134","112","96","92","53","121","11","25","17","8","11","18","3","0","1","16","47","147","47147","243","26","80","351","290","246","188","174","36","25","29","3","17","2020"
"Sevier County, Tennessee","37","204","3","71","147","39","117","234","181","48","325","305","98","125","121","90","14","11","43","16","32","0","39","52","17","0","47","155","47155","241","74","186","351","229","630","223","211","25","59","32","91","17","2020"
"Stewart County, Tennessee","2","17","0","52","46","0","68","15","75","11","44","2","21","0","0","0","0","0","0","0","0","0","9","0","0","0","47","161","47161","19","52","46","83","86","46","21","0","0","0","0","9","0","2020"
"Tipton County, Tennessee","170","98","85","11","119","38","127","112","118","80","58","133","105","68","101","17","53","0","6","0","7","12","7","0","0","0","47","167","47167","268","96","157","239","198","191","173","118","53","6","19","7","0","2020"
"Union County, Tennessee","0","12","8","11","44","16","52","45","10","42","63","92","35","34","0","0","0","5","0","10","12","14","0","0","9","45","47","173","47173","12","19","60","97","52","155","69","0","5","10","26","0","54","2020"
"Washington County, Tennessee","182","273","204","56","185","189","324","25","104","259","136","107","213","234","196","185","53","0","25","0","16","34","0","0","0","53","47","179","47179","455","260","374","349","363","243","447","381","53","25","50","0","53","2020"
"White County, Tennessee","34","44","13","0","72","34","0","0","19","37","13","181","10","62","0","24","0","0","7","0","0","0","2","0","8","0","47","185","47185","78","13","106","0","56","194","72","24","0","7","0","2","8","2020"
"Anderson County, Tennessee","141","55","108","49","208","81","136","237","168","55","147","71","96","130","21","54","0","12","24","50","4","38","7","0","0","0","47","001","47001","196","157","289","373","223","218","226","75","12","74","42","7","0","2020"
"Benton County, Tennessee","20","4","11","74","0","0","21","34","50","9","10","14","62","44","25","37","0","9","0","4","0","5","7","0","0","0","47","005","47005","24","85","0","55","59","24","106","62","9","4","5","7","0","2020"
"Bledsoe County, Tennessee","14","16","0","0","56","25","163","0","53","39","9","31","13","0","17","0","10","0","0","0","11","0","0","0","0","26","47","007","47007","30","0","81","163","92","40","13","17","10","0","11","0","26","2020"
"Bradley County, Tennessee","327","180","95","13","79","56","262","163","176","106","192","234","93","396","66","128","0","15","51","0","18","86","0","6","80","20","47","011","47011","507","108","135","425","282","426","489","194","15","51","104","6","100","2020"
"Campbell County, Tennessee","181","25","44","25","110","77","105","100","96","62","216","203","95","268","115","11","5","0","0","0","7","33","0","0","0","0","47","013","47013","206","69","187","205","158","419","363","126","5","0","40","0","0","2020"
"Carroll County, Tennessee","56","91","0","0","7","13","0","22","14","55","22","14","25","135","7","5","3","3","0","0","0","9","0","0","0","0","47","017","47017","147","0","20","22","69","36","160","12","6","0","9","0","0","2020"
"Carter County, Tennessee","65","19","58","37","40","15","166","120","159","34","158","60","33","253","15","21","32","0","13","24","102","17","9","0","0","0","47","019","47019","84","95","55","286","193","218","286","36","32","37","119","9","0","2020"
"Chester County, Tennessee","80","72","64","0","40","0","33","40","0","62","22","34","49","12","0","0","0","0","0","0","0","8","0","0","0","0","47","023","47023","152","64","40","73","62","56","61","0","0","0","8","0","0","2020"
"Claiborne County, Tennessee","26","17","11","65","40","26","114","105","47","69","158","89","120","9","0","36","0","11","8","19","0","9","0","0","0","0","47","025","47025","43","76","66","219","116","247","129","36","11","27","9","0","0","2020"
"Cocke County, Tennessee","147","33","18","33","97","68","12","160","36","37","85","170","54","191","52","20","16","43","28","0","9","11","0","0","0","0","47","029","47029","180","51","165","172","73","255","245","72","59","28","20","0","0","2020"
"Coffee County, Tennessee","47","114","0","21","64","57","142","48","36","119","129","186","71","40","17","11","0","14","0","5","15","15","0","0","0","23","47","031","47031","161","21","121","190","155","315","111","28","14","5","30","0","23","2020"
"Cumberland County, Tennessee","73","56","91","44","82","37","138","152","13","135","152","78","90","90","44","25","2","22","20","6","33","10","20","13","18","9","47","035","47035","129","135","119","290","148","230","180","69","24","26","43","33","27","2020"
"Davidson County, Tennessee","1245","1100","762","723","1028","1014","1615","1236","1168","1026","990","1781","1316","1219","735","602","175","128","175","78","127","505","58","58","65","0","47","037","47037","2345","1485","2042","2851","2194","2771","2535","1337","303","253","632","116","65","2020"
"DeKalb County, Tennessee","10","21","15","6","53","30","0","101","13","58","3","55","5","0","11","0","14","0","20","0","0","0","0","0","0","0","47","041","47041","31","21","83","101","71","58","5","11","14","20","0","0","0","2020"
"Dickson County, Tennessee","15","94","36","34","0","36","64","49","68","184","15","105","76","13","24","30","0","0","0","0","0","10","13","0","0","20","47","043","47043","109","70","36","113","252","120","89","54","0","0","10","13","20","2020"
"Dyer County, Tennessee","91","143","54","0","11","41","35","71","68","27","81","146","99","142","14","0","0","0","0","17","0","39","0","6","0","0","47","045","47045","234","54","52","106","95","227","241","14","0","17","39","6","0","2020"
"Fayette County, Tennessee","54","70","35","34","61","80","121","251","85","75","46","84","47","68","26","19","5","5","3","0","30","0","12","0","6","0","47","047","47047","124","69","141","372","160","130","115","45","10","3","30","12","6","2020"
"Fentress County, Tennessee","83","35","0","0","4","64","4","5","98","7","154","18","0","0","0","0","6","0","0","0","0","0","0","0","0","0","47","049","47049","118","0","68","9","105","172","0","0","6","0","0","0","0","2020"
"Franklin County, Tennessee","109","0","14","35","14","12","21","12","53","39","34","113","63","68","87","53","0","0","12","8","0","9","14","0","0","0","47","051","47051","109","49","26","33","92","147","131","140","0","20","9","14","0","2020"
"Gibson County, Tennessee","61","20","110","39","38","67","151","32","24","26","179","87","177","75","89","35","0","0","0","6","17","0","0","0","5","0","47","053","47053","81","149","105","183","50","266","252","124","0","6","17","0","5","2020"
"Giles County, Tennessee","43","46","0","16","14","69","57","20","28","35","27","61","89","59","16","86","48","0","3","0","0","10","0","3","0","0","47","055","47055","89","16","83","77","63","88","148","102","48","3","10","3","0","2020"
"Grainger County, Tennessee","20","32","18","18","16","24","29","2","37","50","0","12","142","88","29","0","0","0","0","0","0","0","4","0","0","20","47","057","47057","52","36","40","31","87","12","230","29","0","0","0","4","20","2020"
"Greene County, Tennessee","73","63","14","12","22","28","170","33","125","162","243","103","45","184","73","72","0","11","25","0","0","0","0","0","12","0","47","059","47059","136","26","50","203","287","346","229","145","11","25","0","0","12","2020"
"Grundy County, Tennessee","45","14","28","3","3","2","25","34","90","29","92","23","20","11","32","4","7","4","0","0","0","0","0","0","0","5","47","061","47061","59","31","5","59","119","115","31","36","11","0","0","0","5","2020"
"Hamblen County, Tennessee","225","84","66","135","130","195","150","171","43","195","365","137","113","105","62","27","0","39","0","0","1","5","0","0","0","0","47","063","47063","309","201","325","321","238","502","218","89","39","0","6","0","0","2020"
"Hamilton County, Tennessee","567","719","200","325","386","209","405","715","659","610","520","564","583","553","387","202","186","66","238","86","54","120","8","31","75","1","47","065","47065","1286","525","595","1120","1269","1084","1136","589","252","324","174","39","76","2020"
"Hancock County, Tennessee","31","0","4","0","6","9","8","89","39","9","23","9","0","0","0","9","0","0","14","0","20","15","0","0","0","0","47","067","47067","31","4","15","97","48","32","0","9","0","14","35","0","0","2020"
"Hardeman County, Tennessee","111","102","79","50","132","4","163","114","95","27","36","146","7","49","47","0","22","6","0","0","0","69","0","0","0","0","47","069","47069","213","129","136","277","122","182","56","47","28","0","69","0","0","2020"
"Hardin County, Tennessee","2","0","9","21","23","29","23","115","44","50","8","52","46","12","24","0","0","0","0","0","9","11","0","0","0","0","47","071","47071","2","30","52","138","94","60","58","24","0","0","20","0","0","2020"
"Hawkins County, Tennessee","159","56","132","40","147","85","311","57","42","84","206","92","68","169","53","48","11","22","13","15","0","0","0","0","3","0","47","073","47073","215","172","232","368","126","298","237","101","33","28","0","0","3","2020"
"Haywood County, Tennessee","56","45","40","25","0","16","0","55","5","26","38","46","36","28","0","0","12","24","6","0","11","3","0","0","0","0","47","075","47075","101","65","16","55","31","84","64","0","36","6","14","0","0","2020"
"Henderson County, Tennessee","48","0","31","157","61","17","0","153","5","21","169","49","45","91","17","61","0","0","0","0","0","15","0","0","0","0","47","077","47077","48","188","78","153","26","218","136","78","0","0","15","0","0","2020"
"Henry County, Tennessee","6","36","32","25","110","14","53","41","56","66","66","38","3","2","5","17","18","0","0","2","0","12","11","0","0","0","47","079","47079","42","57","124","94","122","104","5","22","18","2","12","11","0","2020"
"Hickman County, Tennessee","29","0","48","11","24","33","16","30","19","5","88","0","19","0","0","13","0","7","5","0","0","7","0","0","0","0","47","081","47081","29","59","57","46","24","88","19","13","7","5","7","0","0","2020"
"Houston County, Tennessee","15","0","20","13","22","0","1","0","11","0","13","0","18","0","0","37","27","0","0","0","0","14","5","0","0","0","47","083","47083","15","33","22","1","11","13","18","37","27","0","14","5","0","2020"
"Humphreys County, Tennessee","19","42","54","26","64","31","38","214","59","0","16","8","0","76","0","82","0","0","0","21","0","0","0","0","0","3","47","085","47085","61","80","95","252","59","24","76","82","0","21","0","0","3","2020"
"Jefferson County, Tennessee","53","80","32","46","88","93","92","50","0","111","97","284","133","139","42","57","11","71","0","69","2","11","0","7","0","0","47","089","47089","133","78","181","142","111","381","272","99","82","69","13","7","0","2020"
"Johnson County, Tennessee","0","0","0","0","0","0","4","25","54","41","14","35","0","0","0","0","0","2","0","5","0","0","0","0","0","0","47","091","47091","0","0","0","29","95","49","0","0","2","5","0","0","0","2020"
"Lake County, Tennessee","28","15","21","17","5","3","69","27","3","0","0","16","3","36","0","0","0","0","0","0","0","0","0","0","0","0","47","095","47095","43","38","8","96","3","16","39","0","0","0","0","0","0","2020"
"Lauderdale County, Tennessee","46","24","61","8","28","34","62","71","11","63","49","77","53","33","0","47","8","13","0","4","5","0","0","0","0","0","47","097","47097","70","69","62","133","74","126","86","47","21","4","5","0","0","2020"
"Lewis County, Tennessee","8","34","28","0","0","10","0","48","0","0","14","0","17","66","0","0","0","0","0","0","0","0","0","0","0","0","47","101","47101","42","28","10","48","0","14","83","0","0","0","0","0","0","2020"
"Lincoln County, Tennessee","54","25","33","19","33","54","21","32","19","14","38","50","46","72","0","30","0","0","56","0","7","0","8","0","7","0","47","103","47103","79","52","87","53","33","88","118","30","0","56","7","8","7","2020"
"McMinn County, Tennessee","184","65","149","9","24","221","120","82","48","37","33","162","163","60","75","0","0","0","0","0","10","6","0","0","10","0","47","107","47107","249","158","245","202","85","195","223","75","0","0","16","0","10","2020"
"McNairy County, Tennessee","80","7","5","20","75","62","62","48","37","36","127","45","58","9","24","6","5","0","0","0","3","0","0","2","0","0","47","109","47109","87","25","137","110","73","172","67","30","5","0","3","2","0","2020"
"Madison County, Tennessee","127","171","131","85","177","98","268","163","64","208","281","528","147","235","44","107","0","38","33","76","38","0","8","6","29","0","47","113","47113","298","216","275","431","272","809","382","151","38","109","38","14","29","2020"
"Marion County, Tennessee","12","93","11","67","19","10","31","112","7","75","55","35","96","12","3","0","0","0","6","0","0","0","0","22","0","3","47","115","47115","105","78","29","143","82","90","108","3","0","6","0","22","3","2020"
"Maury County, Tennessee","54","27","54","11","54","93","102","170","38","134","113","241","152","145","0","208","32","0","49","0","0","40","13","18","23","44","47","119","47119","81","65","147","272","172","354","297","208","32","49","40","31","67","2020"
"Anderson County, Tennessee","159","181","67","26","133","134","196","188","192","132","245","113","169","264","147","129","29","10","0","29","0","0","0","0","0","10","47","001","47001","340","93","267","384","324","358","433","276","39","29","0","0","10","2010"
"Bedford County, Tennessee","105","144","98","85","85","109","93","316","83","125","204","140","117","200","28","71","53","0","10","35","13","4","36","8","0","0","47","003","47003","249","183","194","409","208","344","317","99","53","45","17","44","0","2010"
"Benton County, Tennessee","45","28","0","0","23","93","57","85","45","27","38","47","116","16","23","19","12","7","0","20","11","0","0","0","0","0","47","005","47005","73","0","116","142","72","85","132","42","19","20","11","0","0","2010"
"Bledsoe County, Tennessee","50","50","62","38","68","7","6","0","22","24","11","38","54","46","0","11","12","13","0","0","15","0","0","0","0","0","47","007","47007","100","100","75","6","46","49","100","11","25","0","15","0","0","2010"
"Blount County, Tennessee","307","273","107","112","304","191","218","262","255","214","533","388","595","453","118","55","54","17","54","27","46","39","51","16","11","29","47","009","47009","580","219","495","480","469","921","1048","173","71","81","85","67","40","2010"
"Bradley County, Tennessee","368","253","95","196","254","118","245","292","145","138","413","574","365","308","172","34","75","7","55","44","38","37","12","0","0","0","47","011","47011","621","291","372","537","283","987","673","206","82","99","75","12","0","2010"
"Campbell County, Tennessee","108","85","80","35","57","37","295","107","62","83","298","96","101","103","24","14","13","19","0","0","0","20","0","0","7","0","47","013","47013","193","115","94","402","145","394","204","38","32","0","20","0","7","2010"
"Cannon County, Tennessee","46","21","15","23","7","25","11","25","6","25","39","19","82","36","4","0","4","17","17","11","0","0","12","0","0","0","47","015","47015","67","38","32","36","31","58","118","4","21","28","0","12","0","2010"
"Carroll County, Tennessee","85","76","15","25","89","42","99","130","54","72","234","93","161","36","35","37","11","2","24","27","0","41","2","10","0","10","47","017","47017","161","40","131","229","126","327","197","72","13","51","41","12","10","2010"
"Carter County, Tennessee","96","90","25","74","66","153","247","138","134","124","268","181","297","241","60","51","26","28","29","52","9","0","0","0","0","0","47","019","47019","186","99","219","385","258","449","538","111","54","81","9","0","0","2010"
"Cheatham County, Tennessee","139","99","22","0","40","6","65","113","48","90","119","144","149","110","49","36","0","0","0","0","0","0","0","0","0","0","47","021","47021","238","22","46","178","138","263","259","85","0","0","0","0","0","2010"
"Chester County, Tennessee","133","0","32","25","129","7","40","0","19","102","19","74","33","76","0","53","0","0","16","0","6","19","0","0","0","0","47","023","47023","133","57","136","40","121","93","109","53","0","16","25","0","0","2010"
"Claiborne County, Tennessee","138","74","28","78","74","39","66","114","10","24","177","49","91","97","34","31","0","0","22","14","0","0","6","0","0","0","47","025","47025","212","106","113","180","34","226","188","65","0","36","0","6","0","2010"
"Clay County, Tennessee","16","0","0","0","10","0","0","53","30","10","15","47","44","55","0","0","0","0","0","0","0","0","0","0","0","0","47","027","47027","16","0","10","53","40","62","99","0","0","0","0","0","0","2010"
"Cocke County, Tennessee","99","17","32","34","78","75","126","86","97","113","277","158","306","199","59","43","0","0","25","13","14","10","0","0","0","0","47","029","47029","116","66","153","212","210","435","505","102","0","38","24","0","0","2010"
"Coffee County, Tennessee","245","110","9","133","109","86","135","125","112","119","217","259","191","181","29","85","60","39","54","0","81","34","26","0","27","0","47","031","47031","355","142","195","260","231","476","372","114","99","54","115","26","27","2010"
"Crockett County, Tennessee","24","16","11","6","23","0","51","27","26","72","25","47","104","52","21","5","0","13","10","0","39","24","0","0","0","0","47","033","47033","40","17","23","78","98","72","156","26","13","10","63","0","0","2010"
"Cumberland County, Tennessee","187","214","77","70","73","0","115","53","91","68","332","140","139","218","13","37","48","18","57","29","50","0","48","17","0","0","47","035","47035","401","147","73","168","159","472","357","50","66","86","50","65","0","2010"
"Davidson County, Tennessee","1810","1311","912","1003","1135","1341","1806","1712","1366","1334","1700","2380","2729","2254","751","651","222","85","249","104","160","173","65","75","22","21","47","037","47037","3121","1915","2476","3518","2700","4080","4983","1402","307","353","333","140","43","2010"
"Decatur County, Tennessee","50","41","6","65","0","14","33","87","33","34","70","75","85","64","24","9","0","0","13","0","0","7","7","0","0","20","47","039","47039","91","71","14","120","67","145","149","33","0","13","7","7","20","2010"
"DeKalb County, Tennessee","48","15","34","19","18","113","53","42","30","14","89","24","86","60","19","22","0","0","21","22","0","11","0","0","0","0","47","041","47041","63","53","131","95","44","113","146","41","0","43","11","0","0","2010"
"Dickson County, Tennessee","202","169","130","32","87","26","26","76","53","72","151","213","235","128","82","94","0","27","13","0","0","0","0","0","0","0","47","043","47043","371","162","113","102","125","364","363","176","27","13","0","0","0","2010"
"Dyer County, Tennessee","131","64","0","96","150","66","118","81","28","205","150","67","59","103","86","0","0","14","0","20","15","15","0","0","0","0","47","045","47045","195","96","216","199","233","217","162","86","14","20","30","0","0","2010"
"Fayette County, Tennessee","127","111","95","83","115","118","168","83","18","164","69","115","322","90","18","59","26","32","42","16","3","17","14","17","0","0","47","047","47047","238","178","233","251","182","184","412","77","58","58","20","31","0","2010"
"Fentress County, Tennessee","43","8","63","24","39","15","4","33","22","20","172","21","63","102","10","8","0","17","0","27","0","0","0","0","0","0","47","049","47049","51","87","54","37","42","193","165","18","17","27","0","0","0","2010"
"Franklin County, Tennessee","47","131","111","64","169","91","244","109","16","108","193","164","160","102","112","5","34","14","65","25","27","11","11","0","0","2","47","051","47051","178","175","260","353","124","357","262","117","48","90","38","11","2","2010"
"Gibson County, Tennessee","180","72","27","37","76","54","99","218","167","95","287","132","292","113","184","102","45","45","22","21","28","36","0","0","0","0","47","053","47053","252","64","130","317","262","419","405","286","90","43","64","0","0","2010"
"Giles County, Tennessee","125","118","87","86","36","23","99","106","97","100","113","161","121","174","41","12","0","19","0","2","0","0","0","0","2","0","47","055","47055","243","173","59","205","197","274","295","53","19","2","0","0","2","2010"
"Grainger County, Tennessee","71","90","115","42","46","13","24","39","50","91","122","103","54","37","5","17","37","12","5","15","45","0","0","0","0","0","47","057","47057","161","157","59","63","141","225","91","22","49","20","45","0","0","2010"
"Greene County, Tennessee","189","107","112","19","95","149","190","184","137","201","238","136","389","277","146","95","28","18","51","31","21","14","7","0","10","0","47","059","47059","296","131","244","374","338","374","666","241","46","82","35","7","10","2010"
"Grundy County, Tennessee","2","33","28","0","55","18","6","0","28","10","105","42","42","17","14","10","7","0","3","9","0","0","4","0","0","0","47","061","47061","35","28","73","6","38","147","59","24","7","12","0","4","0","2010"
"Hamblen County, Tennessee","203","140","173","45","274","106","292","180","313","106","336","264","327","59","71","85","11","12","36","9","0","15","0","0","0","0","47","063","47063","343","218","380","472","419","600","386","156","23","45","15","0","0","2010"
"Hamilton County, Tennessee","1226","1069","612","266","769","574","1370","1120","896","508","1267","1333","1143","1175","604","387","195","108","133","84","241","106","28","29","83","19","47","065","47065","2295","878","1343","2490","1404","2600","2318","991","303","217","347","57","102","2010"
"Hancock County, Tennessee","7","32","43","0","22","15","70","6","6","0","6","51","5","3","27","0","0","0","0","12","0","0","0","0","0","0","47","067","47067","39","43","37","76","6","57","8","27","0","12","0","0","0","2010"
"Hardeman County, Tennessee","82","51","68","44","74","102","38","66","99","109","54","64","41","122","24","0","10","33","0","11","11","0","0","3","16","0","47","069","47069","133","112","176","104","208","118","163","24","43","11","11","3","16","2010"
"Hardin County, Tennessee","227","105","60","58","121","52","23","62","17","72","100","78","134","112","0","24","10","27","35","39","51","3","13","28","0","27","47","071","47071","332","118","173","85","89","178","246","24","37","74","54","41","27","2010"
"Hawkins County, Tennessee","133","198","120","21","177","68","153","216","135","220","282","139","208","245","34","52","39","0","14","22","0","0","28","0","26","25","47","073","47073","331","141","245","369","355","421","453","86","39","36","0","28","51","2010"
"Haywood County, Tennessee","63","41","38","70","55","72","158","135","160","47","62","180","120","38","66","35","0","0","20","0","0","17","28","0","0","0","47","075","47075","104","108","127","293","207","242","158","101","0","20","17","28","0","2010"
"Henderson County, Tennessee","157","65","38","24","61","56","109","103","104","251","100","164","68","120","40","19","17","7","18","2","10","0","17","0","0","0","47","077","47077","222","62","117","212","355","264","188","59","24","20","10","17","0","2010"
"Henry County, Tennessee","95","31","51","0","74","17","96","101","161","74","133","81","152","258","60","60","0","55","57","11","3","0","10","0","0","0","47","079","47079","126","51","91","197","235","214","410","120","55","68","3","10","0","2010"
"Hickman County, Tennessee","117","54","25","20","52","0","69","32","57","11","61","110","63","36","33","15","10","3","13","8","0","0","11","16","0","0","47","081","47081","171","45","52","101","68","171","99","48","13","21","0","27","0","2010"
"Houston County, Tennessee","65","29","19","4","5","19","85","21","7","16","9","63","13","12","0","2","0","0","0","0","0","0","0","0","0","0","47","083","47083","94","23","24","106","23","72","25","2","0","0","0","0","0","2010"
"Humphreys County, Tennessee","24","3","79","0","37","6","136","22","14","54","76","27","48","45","61","31","40","0","8","6","7","0","0","0","10","0","47","085","47085","27","79","43","158","68","103","93","92","40","14","7","0","10","2010"
"Jackson County, Tennessee","4","18","22","69","2","0","69","11","11","10","79","19","48","9","47","19","0","0","0","0","0","0","0","0","0","0","47","087","47087","22","91","2","80","21","98","57","66","0","0","0","0","0","2010"
"Jefferson County, Tennessee","198","103","64","105","40","94","156","128","139","141","179","136","298","123","84","75","11","23","7","10","43","21","3","6","29","0","47","089","47089","301","169","134","284","280","315","421","159","34","17","64","9","29","2010"
"Johnson County, Tennessee","126","36","28","79","31","45","26","61","45","46","79","13","53","104","43","9","21","0","0","0","0","0","36","0","0","0","47","091","47091","162","107","76","87","91","92","157","52","21","0","0","36","0","2010"
"Knox County, Tennessee","1060","571","460","463","858","649","637","748","736","564","986","1118","1119","918","456","326","115","121","98","43","119","85","39","26","44","63","47","093","47093","1631","923","1507","1385","1300","2104","2037","782","236","141","204","65","107","2010"
"Lake County, Tennessee","14","4","22","2","5","11","24","2","29","14","22","6","85","71","0","10","17","0","0","0","7","0","0","6","0","0","47","095","47095","18","24","16","26","43","28","156","10","17","0","7","6","0","2010"
"Lauderdale County, Tennessee","56","110","57","52","35","107","32","65","166","93","119","210","102","74","14","23","9","0","0","12","17","0","5","0","0","0","47","097","47097","166","109","142","97","259","329","176","37","9","12","17","5","0","2010"
"Lawrence County, Tennessee","97","110","73","36","75","95","77","88","84","117","153","230","173","80","77","8","13","0","11","15","6","8","26","17","10","14","47","099","47099","207","109","170","165","201","383","253","85","13","26","14","43","24","2010"
"Lewis County, Tennessee","53","55","38","67","45","22","48","21","52","63","56","67","163","45","48","11","10","0","0","9","0","15","0","0","0","0","47","101","47101","108","105","67","69","115","123","208","59","10","9","15","0","0","2010"
"Lincoln County, Tennessee","140","93","63","16","29","94","57","103","23","52","76","80","122","86","10","55","12","11","0","0","0","0","0","0","0","0","47","103","47103","233","79","123","160","75","156","208","65","23","0","0","0","0","2010"
"Loudon County, Tennessee","133","49","40","13","92","78","147","94","217","91","298","277","132","145","35","49","11","28","32","17","15","9","0","18","16","3","47","105","47105","182","53","170","241","308","575","277","84","39","49","24","18","19","2010"
"McMinn County, Tennessee","240","202","87","72","38","90","118","206","68","118","188","187","176","163","41","42","0","0","27","0","15","0","22","0","17","0","47","107","47107","442","159","128","324","186","375","339","83","0","27","15","22","17","2010"
"McNairy County, Tennessee","112","127","73","26","32","26","65","99","59","63","278","175","157","92","56","15","4","2","10","20","30","5","0","0","0","7","47","109","47109","239","99","58","164","122","453","249","71","6","30","35","0","7","2010"
"Macon County, Tennessee","98","93","56","0","54","90","60","68","62","40","96","89","81","146","0","27","13","2","17","0","0","29","0","0","0","0","47","111","47111","191","56","144","128","102","185","227","27","15","17","29","0","0","2010"
"Madison County, Tennessee","424","318","177","237","300","290","313","351","125","275","442","658","539","410","160","101","32","21","70","9","13","8","21","19","19","0","47","113","47113","742","414","590","664","400","1100","949","261","53","79","21","40","19","2010"
"Marion County, Tennessee","83","54","20","1","107","2","107","66","81","11","158","128","101","148","33","22","36","23","8","4","0","2","0","15","0","4","47","115","47115","137","21","109","173","92","286","249","55","59","12","2","15","4","2010"
"Marshall County, Tennessee","115","81","85","45","41","96","186","111","63","77","110","213","194","48","73","0","0","0","0","3","9","0","10","0","0","0","47","117","47117","196","130","137","297","140","323","242","73","0","3","9","10","0","2010"
"Maury County, Tennessee","127","214","74","176","99","176","175","135","207","72","208","372","424","241","153","71","32","53","15","11","66","48","0","0","0","11","47","119","47119","341","250","275","310","279","580","665","224","85","26","114","0","11","2010"
"Meigs County, Tennessee","26","42","9","26","16","37","72","0","18","31","76","70","38","93","54","19","19","15","11","0","10","0","0","0","0","0","47","121","47121","68","35","53","72","49","146","131","73","34","11","10","0","0","2010"
"Monroe County, Tennessee","155","239","93","64","68","87","167","145","160","89","160","282","223","138","29","50","27","0","0","0","21","27","0","26","0","0","47","123","47123","394","157","155","312","249","442","361","79","27","0","48","26","0","2010"
"Montgomery County, Tennessee","638","438","170","319","224","446","378","785","238","372","434","628","380","334","116","102","62","20","38","9","20","78","0","12","0","0","47","125","47125","1076","489","670","1163","610","1062","714","218","82","47","98","12","0","2010"
"Moore County, Tennessee","0","90","112","0","0","0","0","0","0","30","35","22","9","44","0","0","0","0","0","0","0","0","0","0","0","0","47","127","47127","90","112","0","0","30","57","53","0","0","0","0","0","0","2010"
"Morgan County, Tennessee","42","48","39","0","53","0","28","22","11","37","54","109","111","60","17","29","0","0","0","0","33","0","48","0","0","0","47","129","47129","90","39","53","50","48","163","171","46","0","0","33","48","0","2010"
"Obion County, Tennessee","48","56","57","1","6","59","67","141","59","59","111","66","60","130","48","19","4","13","40","0","5","4","0","3","0","0","47","131","47131","104","58","65","208","118","177","190","67","17","40","9","3","0","2010"
"Overton County, Tennessee","0","32","12","17","22","16","44","11","59","69","32","82","24","63","42","41","7","0","20","0","7","0","10","8","0","0","47","133","47133","32","29","38","55","128","114","87","83","7","20","7","18","0","2010"
"Perry County, Tennessee","11","11","0","30","59","0","30","50","0","0","24","56","27","0","25","0","4","11","0","15","0","20","0","0","0","0","47","135","47135","22","30","59","80","0","80","27","25","15","15","20","0","0","2010"
"Pickett County, Tennessee","3","28","15","3","0","0","0","0","54","0","14","0","11","0","4","26","0","0","0","0","0","0","3","0","0","0","47","137","47137","31","18","0","0","54","14","11","30","0","0","0","3","0","2010"
"Polk County, Tennessee","56","52","9","43","60","12","17","33","45","88","141","129","35","50","47","0","0","0","0","0","38","20","0","33","0","0","47","139","47139","108","52","72","50","133","270","85","47","0","0","58","33","0","2010"
"Putnam County, Tennessee","156","169","94","59","203","55","89","131","109","46","173","195","141","258","83","40","23","26","25","7","23","31","6","12","0","12","47","141","47141","325","153","258","220","155","368","399","123","49","32","54","18","12","2010"
"Rhea County, Tennessee","147","185","176","98","82","135","74","87","80","247","161","119","169","70","43","28","47","0","11","0","0","20","0","0","0","0","47","143","47143","332","274","217","161","327","280","239","71","47","11","20","0","0","2010"
"Roane County, Tennessee","149","191","61","11","116","68","104","74","119","74","111","147","301","271","99","44","38","11","7","14","67","14","0","0","0","0","47","145","47145","340","72","184","178","193","258","572","143","49","21","81","0","0","2010"
"Robertson County, Tennessee","163","82","112","38","214","18","52","113","99","76","149","275","291","289","111","101","27","4","51","26","7","12","0","0","0","0","47","147","47147","245","150","232","165","175","424","580","212","31","77","19","0","0","2010"
"Rutherford County, Tennessee","904","737","816","531","681","565","582","749","477","662","612","984","725","837","216","243","87","128","88","36","5","81","36","0","9","0","47","149","47149","1641","1347","1246","1331","1139","1596","1562","459","215","124","86","36","9","2010"
"Scott County, Tennessee","42","4","43","18","94","14","186","113","80","54","165","99","98","72","0","17","20","0","51","8","0","0","0","0","0","0","47","151","47151","46","61","108","299","134","264","170","17","20","59","0","0","0","2010"
"Sequatchie County, Tennessee","0","72","17","33","0","22","0","0","0","35","0","59","208","62","23","35","24","0","0","10","0","20","0","0","0","0","47","153","47153","72","50","22","0","35","59","270","58","24","10","20","0","0","2010"
"Sevier County, Tennessee","298","269","88","65","164","141","207","159","69","112","271","282","350","225","113","191","117","16","0","30","125","11","83","4","11","15","47","155","47155","567","153","305","366","181","553","575","304","133","30","136","87","26","2010"
"Shelby County, Tennessee","3902","3193","2320","2061","2982","2651","2921","3385","2444","2515","3975","4346","4164","3536","897","925","306","308","362","313","286","206","177","50","104","77","47","157","47157","7095","4381","5633","6306","4959","8321","7700","1822","614","675","492","227","181","2010"
"Smith County, Tennessee","39","58","81","0","43","30","45","21","20","36","95","90","68","49","37","20","0","0","0","8","0","0","0","0","0","0","47","159","47159","97","81","73","66","56","185","117","57","0","8","0","0","0","2010"
"Stewart County, Tennessee","71","3","30","35","11","0","14","27","46","57","110","75","49","78","0","43","0","0","10","10","0","0","0","0","0","0","47","161","47161","74","65","11","41","103","185","127","43","0","20","0","0","0","2010"
"Sullivan County, Tennessee","540","312","222","214","282","234","254","380","385","320","492","440","591","330","187","94","38","62","78","115","55","30","49","0","9","0","47","163","47163","852","436","516","634","705","932","921","281","100","193","85","49","9","2010"
"Sumner County, Tennessee","537","322","223","143","188","283","380","440","366","365","492","716","478","540","375","115","104","27","75","33","13","24","31","64","12","0","47","165","47165","859","366","471","820","731","1208","1018","490","131","108","37","95","12","2010"
"Tipton County, Tennessee","306","280","82","124","286","153","232","236","95","75","161","391","305","217","160","17","44","10","24","54","5","0","0","11","0","0","47","167","47167","586","206","439","468","170","552","522","177","54","78","5","11","0","2010"
"Trousdale County, Tennessee","19","28","0","0","0","26","85","13","18","0","66","19","30","0","6","0","0","0","0","0","0","0","0","0","0","0","47","169","47169","47","0","26","98","18","85","30","6","0","0","0","0","0","2010"
"Unicoi County, Tennessee","20","0","0","14","11","50","0","41","12","12","66","65","73","8","53","0","0","0","7","0","0","0","0","0","0","0","47","171","47171","20","14","61","41","24","131","81","53","0","7","0","0","0","2010"
"Union County, Tennessee","85","18","77","29","11","14","42","29","78","12","93","64","33","32","8","4","0","0","0","0","0","0","0","0","0","0","47","173","47173","103","106","25","71","90","157","65","12","0","0","0","0","0","2010"
"Van Buren County, Tennessee","0","18","12","0","0","13","0","4","4","14","21","7","15","24","22","3","11","4","10","0","0","0","0","0","0","0","47","175","47175","18","12","13","4","18","28","39","25","15","10","0","0","0","2010"
"Warren County, Tennessee","162","45","59","36","58","30","112","37","83","34","181","94","159","115","108","47","47","18","2","0","23","8","0","5","0","0","47","177","47177","207","95","88","149","117","275","274","155","65","2","31","5","0","2010"
"Washington County, Tennessee","114","292","239","165","257","176","182","197","212","212","514","271","328","317","129","113","73","31","23","31","13","7","11","37","0","4","47","179","47179","406","404","433","379","424","785","645","242","104","54","20","48","4","2010"
"Wayne County, Tennessee","104","39","38","42","32","31","37","35","106","25","12","59","50","103","18","5","49","24","0","0","11","0","0","20","0","0","47","181","47181","143","80","63","72","131","71","153","23","73","0","11","20","0","2010"
"Weakley County, Tennessee","99","82","73","189","107","46","74","71","5","49","127","99","206","120","40","120","13","0","0","10","0","0","13","0","0","0","47","183","47183","181","262","153","145","54","226","326","160","13","10","0","13","0","2010"
"White County, Tennessee","53","61","102","38","93","10","133","35","40","20","86","96","150","84","21","20","11","11","48","9","4","0","0","10","0","0","47","185","47185","114","140","103","168","60","182","234","41","22","57","4","10","0","2010"
"Williamson County, Tennessee","303","284","198","91","126","118","326","123","115","136","408","429","396","280","193","243","69","46","53","71","44","21","20","0","31","16","47","187","47187","587","289","244","449","251","837","676","436","115","124","65","20","47","2010"
"Wilson County, Tennessee","278","150","183","244","178","59","151","222","170","158","441","300","503","161","114","153","85","6","44","0","0","33","0","16","0","8","47","189","47189","428","427","237","373","328","741","664","267","91","44","33","16","8","2010"
